"measure","dateTime","date","value","completeness","quality","qcode"
"http://environment.data.gov.uk/hydrology/id/measures/65ac333f-ab70-45e0-b328-9df13418161f-rainfall-t-86400-mm-qualified","2000-01-01T09:00:00","2000-01-01","0.0","Incomplete","Good",""
"http://environment.data.gov.uk/hydrology/id/measures/65ac333f-ab70-45e0-b328-9df13418161f-rainfall-t-86400-mm-qualified","2000-01-02T09:00:00","2000-01-02","3.0","Incomplete","Good",""
"http://environment.data.gov.uk/hydrology/id/measures/65ac333f-ab70-45e0-b328-9df13418161f-rainfall-t-86400-mm-qualified","2000-01-03T09:00:00","2000-01-03","0.0","Incomplete","Good",""
"http://environment.data.gov.uk/hydrology/id/measures/65ac333f-ab70-45e0-b328-9df13418161f-rainfall-t-86400-mm-qualified","2000-01-04T09:00:00","2000-01-04","1.5","Incomplete","Good",""
"http://environment.data.gov.uk/hydrology/id/measures/65ac333f-ab70-45e0-b328-9df13418161f-rainfall-t-86400-mm-qualified","2000-01-05T09:00:00","2000-01-05","2.5","Incomplete","Good",""
"http://environment.data.gov.uk/hydrology/id/measures/65ac333f-ab70-45e0-b328-9df13418161f-rainfall-t-86400-mm-qualified","2000-01-06T09:00:00","2000-01-06","1.0","Incomplete","Good",""
"http://environment.data.gov.uk/hydrology/id/measures/65ac333f-ab70-45e0-b328-9df13418161f-rainfall-t-86400-mm-qualified","2000-01-07T09:00:00","2000-01-07","7.0","Incomplete","Good",""
"http://environment.data.gov.uk/hydrology/id/measures/65ac333f-ab70-45e0-b328-9df13418161f-rainfall-t-86400-mm-qualified","2000-01-08T09:00:00","2000-01-08","0.5","Incomplete","Good",""
"http://environment.data.gov.uk/hydrology/id/measures/65ac333f-ab70-45e0-b328-9df13418161f-rainfall-t-86400-mm-qualified","2000-01-09T09:00:00","2000-01-09","0.5","Incomplete","Good",""
"http://environment.data.gov.uk/hydrology/id/measures/65ac333f-ab70-45e0-b328-9df13418161f-rainfall-t-86400-mm-qualified","2000-01-10T09:00:00","2000-01-10","1.5","Incomplete","Good",""
"http://environment.data.gov.uk/hydrology/id/measures/65ac333f-ab70-45e0-b328-9df13418161f-rainfall-t-86400-mm-qualified","2000-01-11T09:00:00","2000-01-11","0.5","Incomplete","Good",""
"http://environment.data.gov.uk/hydrology/id/measures/65ac333f-ab70-45e0-b328-9df13418161f-rainfall-t-86400-mm-qualified","2000-01-12T09:00:00","2000-01-12","14.0","Incomplete","Good",""
"http://environment.data.gov.uk/hydrology/id/measures/65ac333f-ab70-45e0-b328-9df13418161f-rainfall-t-86400-mm-qualified","2000-01-13T09:00:00","2000-01-13","2.5","Incomplete","Good",""
"http://environment.data.gov.uk/hydrology/id/measures/65ac333f-ab70-45e0-b328-9df13418161f-rainfall-t-86400-mm-qualified","2000-01-14T09:00:00","2000-01-14","2.5","Incomplete","Good",""
"http://environment.data.gov.uk/hydrology/id/measures/65ac333f-ab70-45e0-b328-9df13418161f-rainfall-t-86400-mm-qualified","2000-01-15T09:00:00","2000-01-15","0.5","Incomplete","Good",""
"http://environment.data.gov.uk/hydrology/id/measures/65ac333f-ab70-45e0-b328-9df13418161f-rainfall-t-86400-mm-qualified","2000-01-16T09:00:00","2000-01-16","0.0","Incomplete","Good",""
"http://environment.data.gov.uk/hydrology/id/measures/65ac333f-ab70-45e0-b328-9df13418161f-rainfall-t-86400-mm-qualified","2000-01-17T09:00:00","2000-01-17","0.0","Incomplete","Good",""
"http://environment.data.gov.uk/hydrology/id/measures/65ac333f-ab70-45e0-b328-9df13418161f-rainfall-t-86400-mm-qualified","2000-01-18T09:00:00","2000-01-18","0.0","Incomplete","Good",""
"http://environment.data.gov.uk/hydrology/id/measures/65ac333f-ab70-45e0-b328-9df13418161f-rainfall-t-86400-mm-qualified","2000-01-19T09:00:00","2000-01-19","0.0","Incomplete","Good",""
"http://environment.data.gov.uk/hydrology/id/measures/65ac333f-ab70-45e0-b328-9df13418161f-rainfall-t-86400-mm-qualified","2000-01-20T09:00:00","2000-01-20","0.0","Incomplete","Good",""
"http://environment.data.gov.uk/hydrology/id/measures/65ac333f-ab70-45e0-b328-9df13418161f-rainfall-t-86400-mm-qualified","2000-01-21T09:00:00","2000-01-21","4.5","Incomplete","Good",""
"http://environment.data.gov.uk/hydrology/id/measures/65ac333f-ab70-45e0-b328-9df13418161f-rainfall-t-86400-mm-qualified","2000-01-22T09:00:00","2000-01-22","0.0","Incomplete","Good",""
"http://environment.data.gov.uk/hydrology/id/measures/65ac333f-ab70-45e0-b328-9df13418161f-rainfall-t-86400-mm-qualified","2000-01-23T09:00:00","2000-01-23","0.0","Incomplete","Good",""
"http://environment.data.gov.uk/hydrology/id/measures/65ac333f-ab70-45e0-b328-9df13418161f-rainfall-t-86400-mm-qualified","2000-01-24T09:00:00","2000-01-24","0.5","Incomplete","Good",""
"http://environment.data.gov.uk/hydrology/id/measures/65ac333f-ab70-45e0-b328-9df13418161f-rainfall-t-86400-mm-qualified","2000-01-25T09:00:00","2000-01-25","0.0","Incomplete","Good",""
"http://environment.data.gov.uk/hydrology/id/measures/65ac333f-ab70-45e0-b328-9df13418161f-rainfall-t-86400-mm-qualified","2000-01-26T09:00:00","2000-01-26","0.0","Incomplete","Good",""
"http://environment.data.gov.uk/hydrology/id/measures/65ac333f-ab70-45e0-b328-9df13418161f-rainfall-t-86400-mm-qualified","2000-01-27T09:00:00","2000-01-27","0.5","Incomplete","Good",""
"http://environment.data.gov.uk/hydrology/id/measures/65ac333f-ab70-45e0-b328-9df13418161f-rainfall-t-86400-mm-qualified","2000-01-28T09:00:00","2000-01-28","13.0","Incomplete","Good",""
"http://environment.data.gov.uk/hydrology/id/measures/65ac333f-ab70-45e0-b328-9df13418161f-rainfall-t-86400-mm-qualified","2000-01-29T09:00:00","2000-01-29","5.5","Incomplete","Good",""
"http://environment.data.gov.uk/hydrology/id/measures/65ac333f-ab70-45e0-b328-9df13418161f-rainfall-t-86400-mm-qualified","2000-01-30T09:00:00","2000-01-30","6.5","Incomplete","Good",""
"http://environment.data.gov.uk/hydrology/id/measures/65ac333f-ab70-45e0-b328-9df13418161f-rainfall-t-86400-mm-qualified","2000-01-31T09:00:00","2000-01-31","1.0","Incomplete","Good",""
"http://environment.data.gov.uk/hydrology/id/measures/65ac333f-ab70-45e0-b328-9df13418161f-rainfall-t-86400-mm-qualified","2000-02-01T09:00:00","2000-02-01","2.5","Incomplete","Good",""
"http://environment.data.gov.uk/hydrology/id/measures/65ac333f-ab70-45e0-b328-9df13418161f-rainfall-t-86400-mm-qualified","2000-02-02T09:00:00","2000-02-02","1.5","Incomplete","Good",""
"http://environment.data.gov.uk/hydrology/id/measures/65ac333f-ab70-45e0-b328-9df13418161f-rainfall-t-86400-mm-qualified","2000-02-03T09:00:00","2000-02-03","1.5","Incomplete","Good",""
"http://environment.data.gov.uk/hydrology/id/measures/65ac333f-ab70-45e0-b328-9df13418161f-rainfall-t-86400-mm-qualified","2000-02-04T09:00:00","2000-02-04","0.5","Incomplete","Good",""
"http://environment.data.gov.uk/hydrology/id/measures/65ac333f-ab70-45e0-b328-9df13418161f-rainfall-t-86400-mm-qualified","2000-02-05T09:00:00","2000-02-05","0.0","Incomplete","Good",""
"http://environment.data.gov.uk/hydrology/id/measures/65ac333f-ab70-45e0-b328-9df13418161f-rainfall-t-86400-mm-qualified","2000-02-06T09:00:00","2000-02-06","2.5","Incomplete","Good",""
"http://environment.data.gov.uk/hydrology/id/measures/65ac333f-ab70-45e0-b328-9df13418161f-rainfall-t-86400-mm-qualified","2000-02-07T09:00:00","2000-02-07","9.5","Incomplete","Good",""
"http://environment.data.gov.uk/hydrology/id/measures/65ac333f-ab70-45e0-b328-9df13418161f-rainfall-t-86400-mm-qualified","2000-02-08T09:00:00","2000-02-08","2.5","Incomplete","Good",""
"http://environment.data.gov.uk/hydrology/id/measures/65ac333f-ab70-45e0-b328-9df13418161f-rainfall-t-86400-mm-qualified","2000-02-09T09:00:00","2000-02-09","10.5","Incomplete","Good",""
"http://environment.data.gov.uk/hydrology/id/measures/65ac333f-ab70-45e0-b328-9df13418161f-rainfall-t-86400-mm-qualified","2000-02-10T09:00:00","2000-02-10","1.5","Incomplete","Good",""
"http://environment.data.gov.uk/hydrology/id/measures/65ac333f-ab70-45e0-b328-9df13418161f-rainfall-t-86400-mm-qualified","2000-02-11T09:00:00","2000-02-11","6.5","Incomplete","Good",""
"http://environment.data.gov.uk/hydrology/id/measures/65ac333f-ab70-45e0-b328-9df13418161f-rainfall-t-86400-mm-qualified","2000-02-12T09:00:00","2000-02-12","0.0","Incomplete","Good",""
"http://environment.data.gov.uk/hydrology/id/measures/65ac333f-ab70-45e0-b328-9df13418161f-rainfall-t-86400-mm-qualified","2000-02-13T09:00:00","2000-02-13","0.0","Incomplete","Good",""
"http://environment.data.gov.uk/hydrology/id/measures/65ac333f-ab70-45e0-b328-9df13418161f-rainfall-t-86400-mm-qualified","2000-02-14T09:00:00","2000-02-14","4.5","Incomplete","Good",""
"http://environment.data.gov.uk/hydrology/id/measures/65ac333f-ab70-45e0-b328-9df13418161f-rainfall-t-86400-mm-qualified","2000-02-15T09:00:00","2000-02-15","7.5","Incomplete","Good",""
"http://environment.data.gov.uk/hydrology/id/measures/65ac333f-ab70-45e0-b328-9df13418161f-rainfall-t-86400-mm-qualified","2000-02-16T09:00:00","2000-02-16","12.5","Incomplete","Good",""
"http://environment.data.gov.uk/hydrology/id/measures/65ac333f-ab70-45e0-b328-9df13418161f-rainfall-t-86400-mm-qualified","2000-02-17T09:00:00","2000-02-17","7.0","Incomplete","Good",""
"http://environment.data.gov.uk/hydrology/id/measures/65ac333f-ab70-45e0-b328-9df13418161f-rainfall-t-86400-mm-qualified","2000-02-18T09:00:00","2000-02-18","6.5","Incomplete","Good",""
"http://environment.data.gov.uk/hydrology/id/measures/65ac333f-ab70-45e0-b328-9df13418161f-rainfall-t-86400-mm-qualified","2000-02-19T09:00:00","2000-02-19","0.0","Incomplete","Good",""
"http://environment.data.gov.uk/hydrology/id/measures/65ac333f-ab70-45e0-b328-9df13418161f-rainfall-t-86400-mm-qualified","2000-02-20T09:00:00","2000-02-20","6.5","Incomplete","Good",""
"http://environment.data.gov.uk/hydrology/id/measures/65ac333f-ab70-45e0-b328-9df13418161f-rainfall-t-86400-mm-qualified","2000-02-21T09:00:00","2000-02-21","0.0","Incomplete","Good",""
"http://environment.data.gov.uk/hydrology/id/measures/65ac333f-ab70-45e0-b328-9df13418161f-rainfall-t-86400-mm-qualified","2000-02-22T09:00:00","2000-02-22","0.0","Incomplete","Good",""
"http://environment.data.gov.uk/hydrology/id/measures/65ac333f-ab70-45e0-b328-9df13418161f-rainfall-t-86400-mm-qualified","2000-02-23T09:00:00","2000-02-23","1.0","Incomplete","Good",""
"http://environment.data.gov.uk/hydrology/id/measures/65ac333f-ab70-45e0-b328-9df13418161f-rainfall-t-86400-mm-qualified","2000-02-24T09:00:00","2000-02-24","1.5","Incomplete","Good",""
"http://environment.data.gov.uk/hydrology/id/measures/65ac333f-ab70-45e0-b328-9df13418161f-rainfall-t-86400-mm-qualified","2000-02-25T09:00:00","2000-02-25","0.0","Incomplete","Good",""
"http://environment.data.gov.uk/hydrology/id/measures/65ac333f-ab70-45e0-b328-9df13418161f-rainfall-t-86400-mm-qualified","2000-02-26T09:00:00","2000-02-26","0.0","Incomplete","Good",""
"http://environment.data.gov.uk/hydrology/id/measures/65ac333f-ab70-45e0-b328-9df13418161f-rainfall-t-86400-mm-qualified","2000-02-27T09:00:00","2000-02-27","26.0","Incomplete","Good",""
"http://environment.data.gov.uk/hydrology/id/measures/65ac333f-ab70-45e0-b328-9df13418161f-rainfall-t-86400-mm-qualified","2000-02-28T09:00:00","2000-02-28","4.0","Incomplete","Good",""
"http://environment.data.gov.uk/hydrology/id/measures/65ac333f-ab70-45e0-b328-9df13418161f-rainfall-t-86400-mm-qualified","2000-02-29T09:00:00","2000-02-29","2.5","Incomplete","Good",""
"http://environment.data.gov.uk/hydrology/id/measures/65ac333f-ab70-45e0-b328-9df13418161f-rainfall-t-86400-mm-qualified","2000-03-01T09:00:00","2000-03-01","3.5","Incomplete","Good",""
"http://environment.data.gov.uk/hydrology/id/measures/65ac333f-ab70-45e0-b328-9df13418161f-rainfall-t-86400-mm-qualified","2000-03-02T09:00:00","2000-03-02","27.0","Incomplete","Good",""
"http://environment.data.gov.uk/hydrology/id/measures/65ac333f-ab70-45e0-b328-9df13418161f-rainfall-t-86400-mm-qualified","2000-03-03T09:00:00","2000-03-03","1.0","Incomplete","Good",""
"http://environment.data.gov.uk/hydrology/id/measures/65ac333f-ab70-45e0-b328-9df13418161f-rainfall-t-86400-mm-qualified","2000-03-04T09:00:00","2000-03-04","0.0","Incomplete","Good",""
"http://environment.data.gov.uk/hydrology/id/measures/65ac333f-ab70-45e0-b328-9df13418161f-rainfall-t-86400-mm-qualified","2000-03-05T09:00:00","2000-03-05","0.0","Incomplete","Good",""
"http://environment.data.gov.uk/hydrology/id/measures/65ac333f-ab70-45e0-b328-9df13418161f-rainfall-t-86400-mm-qualified","2000-03-06T09:00:00","2000-03-06","1.5","Incomplete","Good",""
"http://environment.data.gov.uk/hydrology/id/measures/65ac333f-ab70-45e0-b328-9df13418161f-rainfall-t-86400-mm-qualified","2000-03-07T09:00:00","2000-03-07","16.5","Incomplete","Good",""
"http://environment.data.gov.uk/hydrology/id/measures/65ac333f-ab70-45e0-b328-9df13418161f-rainfall-t-86400-mm-qualified","2000-03-08T09:00:00","2000-03-08","1.5","Incomplete","Good",""
"http://environment.data.gov.uk/hydrology/id/measures/65ac333f-ab70-45e0-b328-9df13418161f-rainfall-t-86400-mm-qualified","2000-03-09T09:00:00","2000-03-09","2.5","Incomplete","Good",""
"http://environment.data.gov.uk/hydrology/id/measures/65ac333f-ab70-45e0-b328-9df13418161f-rainfall-t-86400-mm-qualified","2000-03-10T09:00:00","2000-03-10","2.5","Incomplete","Good",""
"http://environment.data.gov.uk/hydrology/id/measures/65ac333f-ab70-45e0-b328-9df13418161f-rainfall-t-86400-mm-qualified","2000-03-11T09:00:00","2000-03-11","0.0","Incomplete","Good",""
"http://environment.data.gov.uk/hydrology/id/measures/65ac333f-ab70-45e0-b328-9df13418161f-rainfall-t-86400-mm-qualified","2000-03-12T09:00:00","2000-03-12","0.5","Incomplete","Good",""
"http://environment.data.gov.uk/hydrology/id/measures/65ac333f-ab70-45e0-b328-9df13418161f-rainfall-t-86400-mm-qualified","2000-03-13T09:00:00","2000-03-13","5.0","Incomplete","Good",""
"http://environment.data.gov.uk/hydrology/id/measures/65ac333f-ab70-45e0-b328-9df13418161f-rainfall-t-86400-mm-qualified","2000-03-14T09:00:00","2000-03-14","0.0","Incomplete","Good",""
"http://environment.data.gov.uk/hydrology/id/measures/65ac333f-ab70-45e0-b328-9df13418161f-rainfall-t-86400-mm-qualified","2000-03-15T09:00:00","2000-03-15","0.0","Incomplete","Good",""
"http://environment.data.gov.uk/hydrology/id/measures/65ac333f-ab70-45e0-b328-9df13418161f-rainfall-t-86400-mm-qualified","2000-03-16T09:00:00","2000-03-16","0.0","Incomplete","Good",""
"http://environment.data.gov.uk/hydrology/id/measures/65ac333f-ab70-45e0-b328-9df13418161f-rainfall-t-86400-mm-qualified","2000-03-17T09:00:00","2000-03-17","0.0","Incomplete","Good",""
"http://environment.data.gov.uk/hydrology/id/measures/65ac333f-ab70-45e0-b328-9df13418161f-rainfall-t-86400-mm-qualified","2000-03-18T09:00:00","2000-03-18","0.0","Incomplete","Good",""
"http://environment.data.gov.uk/hydrology/id/measures/65ac333f-ab70-45e0-b328-9df13418161f-rainfall-t-86400-mm-qualified","2000-03-19T09:00:00","2000-03-19","0.0","Incomplete","Good",""
"http://environment.data.gov.uk/hydrology/id/measures/65ac333f-ab70-45e0-b328-9df13418161f-rainfall-t-86400-mm-qualified","2000-03-20T09:00:00","2000-03-20","0.0","Incomplete","Good",""
"http://environment.data.gov.uk/hydrology/id/measures/65ac333f-ab70-45e0-b328-9df13418161f-rainfall-t-86400-mm-qualified","2000-03-21T09:00:00","2000-03-21","0.0","Incomplete","Good",""
"http://environment.data.gov.uk/hydrology/id/measures/65ac333f-ab70-45e0-b328-9df13418161f-rainfall-t-86400-mm-qualified","2000-03-22T09:00:00","2000-03-22","0.0","Incomplete","Good",""
"http://environment.data.gov.uk/hydrology/id/measures/65ac333f-ab70-45e0-b328-9df13418161f-rainfall-t-86400-mm-qualified","2000-03-23T09:00:00","2000-03-23","8.5","Incomplete","Good",""
"http://environment.data.gov.uk/hydrology/id/measures/65ac333f-ab70-45e0-b328-9df13418161f-rainfall-t-86400-mm-qualified","2000-03-24T09:00:00","2000-03-24","0.0","Incomplete","Good",""
"http://environment.data.gov.uk/hydrology/id/measures/65ac333f-ab70-45e0-b328-9df13418161f-rainfall-t-86400-mm-qualified","2000-03-25T09:00:00","2000-03-25","1.5","Incomplete","Good",""
"http://environment.data.gov.uk/hydrology/id/measures/65ac333f-ab70-45e0-b328-9df13418161f-rainfall-t-86400-mm-qualified","2000-03-26T09:00:00","2000-03-26","1.5","Incomplete","Good",""
"http://environment.data.gov.uk/hydrology/id/measures/65ac333f-ab70-45e0-b328-9df13418161f-rainfall-t-86400-mm-qualified","2000-03-27T09:00:00","2000-03-27","2.5","Incomplete","Good",""
"http://environment.data.gov.uk/hydrology/id/measures/65ac333f-ab70-45e0-b328-9df13418161f-rainfall-t-86400-mm-qualified","2000-03-28T09:00:00","2000-03-28","0.0","Incomplete","Good",""
"http://environment.data.gov.uk/hydrology/id/measures/65ac333f-ab70-45e0-b328-9df13418161f-rainfall-t-86400-mm-qualified","2000-03-29T09:00:00","2000-03-29","0.0","Incomplete","Good",""
"http://environment.data.gov.uk/hydrology/id/measures/65ac333f-ab70-45e0-b328-9df13418161f-rainfall-t-86400-mm-qualified","2000-03-30T09:00:00","2000-03-30","0.0","Incomplete","Good",""
"http://environment.data.gov.uk/hydrology/id/measures/65ac333f-ab70-45e0-b328-9df13418161f-rainfall-t-86400-mm-qualified","2000-03-31T09:00:00","2000-03-31","0.0","Incomplete","Good",""
"http://environment.data.gov.uk/hydrology/id/measures/65ac333f-ab70-45e0-b328-9df13418161f-rainfall-t-86400-mm-qualified","2000-04-01T09:00:00","2000-04-01","3.0","Incomplete","Good",""
"http://environment.data.gov.uk/hydrology/id/measures/65ac333f-ab70-45e0-b328-9df13418161f-rainfall-t-86400-mm-qualified","2000-04-02T09:00:00","2000-04-02","7.0","Incomplete","Good",""
"http://environment.data.gov.uk/hydrology/id/measures/65ac333f-ab70-45e0-b328-9df13418161f-rainfall-t-86400-mm-qualified","2000-04-03T09:00:00","2000-04-03","5.5","Incomplete","Good",""
"http://environment.data.gov.uk/hydrology/id/measures/65ac333f-ab70-45e0-b328-9df13418161f-rainfall-t-86400-mm-qualified","2000-04-04T09:00:00","2000-04-04","0.5","Incomplete","Good",""
"http://environment.data.gov.uk/hydrology/id/measures/65ac333f-ab70-45e0-b328-9df13418161f-rainfall-t-86400-mm-qualified","2000-04-05T09:00:00","2000-04-05","0.0","Incomplete","Good",""
"http://environment.data.gov.uk/hydrology/id/measures/65ac333f-ab70-45e0-b328-9df13418161f-rainfall-t-86400-mm-qualified","2000-04-06T09:00:00","2000-04-06","0.0","Incomplete","Good",""
"http://environment.data.gov.uk/hydrology/id/measures/65ac333f-ab70-45e0-b328-9df13418161f-rainfall-t-86400-mm-qualified","2000-04-07T09:00:00","2000-04-07","0.0","Incomplete","Good",""
"http://environment.data.gov.uk/hydrology/id/measures/65ac333f-ab70-45e0-b328-9df13418161f-rainfall-t-86400-mm-qualified","2000-04-08T09:00:00","2000-04-08","1.0","Incomplete","Good",""
"http://environment.data.gov.uk/hydrology/id/measures/65ac333f-ab70-45e0-b328-9df13418161f-rainfall-t-86400-mm-qualified","2000-04-09T09:00:00","2000-04-09","0.5","Incomplete","Good",""
"http://environment.data.gov.uk/hydrology/id/measures/65ac333f-ab70-45e0-b328-9df13418161f-rainfall-t-86400-mm-qualified","2000-04-10T09:00:00","2000-04-10","3.5","Incomplete","Good",""
"http://environment.data.gov.uk/hydrology/id/measures/65ac333f-ab70-45e0-b328-9df13418161f-rainfall-t-86400-mm-qualified","2000-04-11T09:00:00","2000-04-11","6.5","Incomplete","Good",""
"http://environment.data.gov.uk/hydrology/id/measures/65ac333f-ab70-45e0-b328-9df13418161f-rainfall-t-86400-mm-qualified","2000-04-12T09:00:00","2000-04-12","16.5","Incomplete","Good",""
"http://environment.data.gov.uk/hydrology/id/measures/65ac333f-ab70-45e0-b328-9df13418161f-rainfall-t-86400-mm-qualified","2000-04-13T09:00:00","2000-04-13","1.5","Incomplete","Good",""
"http://environment.data.gov.uk/hydrology/id/measures/65ac333f-ab70-45e0-b328-9df13418161f-rainfall-t-86400-mm-qualified","2000-04-14T09:00:00","2000-04-14","0.0","Incomplete","Good",""
"http://environment.data.gov.uk/hydrology/id/measures/65ac333f-ab70-45e0-b328-9df13418161f-rainfall-t-86400-mm-qualified","2000-04-15T09:00:00","2000-04-15","0.0","Incomplete","Good",""
"http://environment.data.gov.uk/hydrology/id/measures/65ac333f-ab70-45e0-b328-9df13418161f-rainfall-t-86400-mm-qualified","2000-04-16T09:00:00","2000-04-16","6.5","Incomplete","Good",""
"http://environment.data.gov.uk/hydrology/id/measures/65ac333f-ab70-45e0-b328-9df13418161f-rainfall-t-86400-mm-qualified","2000-04-17T09:00:00","2000-04-17","9.0","Incomplete","Good",""
"http://environment.data.gov.uk/hydrology/id/measures/65ac333f-ab70-45e0-b328-9df13418161f-rainfall-t-86400-mm-qualified","2000-04-18T09:00:00","2000-04-18","17.5","Incomplete","Good",""
"http://environment.data.gov.uk/hydrology/id/measures/65ac333f-ab70-45e0-b328-9df13418161f-rainfall-t-86400-mm-qualified","2000-04-19T09:00:00","2000-04-19","9.5","Incomplete","Good",""
"http://environment.data.gov.uk/hydrology/id/measures/65ac333f-ab70-45e0-b328-9df13418161f-rainfall-t-86400-mm-qualified","2000-04-20T09:00:00","2000-04-20","0.5","Incomplete","Good",""
"http://environment.data.gov.uk/hydrology/id/measures/65ac333f-ab70-45e0-b328-9df13418161f-rainfall-t-86400-mm-qualified","2000-04-21T09:00:00","2000-04-21","13.0","Incomplete","Good",""
"http://environment.data.gov.uk/hydrology/id/measures/65ac333f-ab70-45e0-b328-9df13418161f-rainfall-t-86400-mm-qualified","2000-04-22T09:00:00","2000-04-22","2.5","Incomplete","Good",""
"http://environment.data.gov.uk/hydrology/id/measures/65ac333f-ab70-45e0-b328-9df13418161f-rainfall-t-86400-mm-qualified","2000-04-23T09:00:00","2000-04-23","0.5","Incomplete","Good",""
"http://environment.data.gov.uk/hydrology/id/measures/65ac333f-ab70-45e0-b328-9df13418161f-rainfall-t-86400-mm-qualified","2000-04-24T09:00:00","2000-04-24","9.0","Incomplete","Good",""
"http://environment.data.gov.uk/hydrology/id/measures/65ac333f-ab70-45e0-b328-9df13418161f-rainfall-t-86400-mm-qualified","2000-04-25T09:00:00","2000-04-25","1.0","Incomplete","Good",""
"http://environment.data.gov.uk/hydrology/id/measures/65ac333f-ab70-45e0-b328-9df13418161f-rainfall-t-86400-mm-qualified","2000-04-26T09:00:00","2000-04-26","12.5","Incomplete","Good",""
"http://environment.data.gov.uk/hydrology/id/measures/65ac333f-ab70-45e0-b328-9df13418161f-rainfall-t-86400-mm-qualified","2000-04-27T09:00:00","2000-04-27","0.0","Incomplete","Good",""
"http://environment.data.gov.uk/hydrology/id/measures/65ac333f-ab70-45e0-b328-9df13418161f-rainfall-t-86400-mm-qualified","2000-04-28T09:00:00","2000-04-28","2.0","Incomplete","Good",""
"http://environment.data.gov.uk/hydrology/id/measures/65ac333f-ab70-45e0-b328-9df13418161f-rainfall-t-86400-mm-qualified","2000-04-29T09:00:00","2000-04-29","0.0","Incomplete","Good",""
"http://environment.data.gov.uk/hydrology/id/measures/65ac333f-ab70-45e0-b328-9df13418161f-rainfall-t-86400-mm-qualified","2000-04-30T09:00:00","2000-04-30","0.0","Incomplete","Good",""
"http://environment.data.gov.uk/hydrology/id/measures/65ac333f-ab70-45e0-b328-9df13418161f-rainfall-t-86400-mm-qualified","2000-05-01T09:00:00","2000-05-01","0.0","Incomplete","Good",""
"http://environment.data.gov.uk/hydrology/id/measures/65ac333f-ab70-45e0-b328-9df13418161f-rainfall-t-86400-mm-qualified","2000-05-02T09:00:00","2000-05-02","0.0","Incomplete","Good",""
"http://environment.data.gov.uk/hydrology/id/measures/65ac333f-ab70-45e0-b328-9df13418161f-rainfall-t-86400-mm-qualified","2000-05-03T09:00:00","2000-05-03","0.0","Incomplete","Good",""
"http://environment.data.gov.uk/hydrology/id/measures/65ac333f-ab70-45e0-b328-9df13418161f-rainfall-t-86400-mm-qualified","2000-05-04T09:00:00","2000-05-04","0.0","Incomplete","Good",""
"http://environment.data.gov.uk/hydrology/id/measures/65ac333f-ab70-45e0-b328-9df13418161f-rainfall-t-86400-mm-qualified","2000-05-05T09:00:00","2000-05-05","0.0","Incomplete","Good",""
"http://environment.data.gov.uk/hydrology/id/measures/65ac333f-ab70-45e0-b328-9df13418161f-rainfall-t-86400-mm-qualified","2000-05-06T09:00:00","2000-05-06","0.0","Incomplete","Good",""
"http://environment.data.gov.uk/hydrology/id/measures/65ac333f-ab70-45e0-b328-9df13418161f-rainfall-t-86400-mm-qualified","2000-05-07T09:00:00","2000-05-07","0.0","Incomplete","Good",""
"http://environment.data.gov.uk/hydrology/id/measures/65ac333f-ab70-45e0-b328-9df13418161f-rainfall-t-86400-mm-qualified","2000-05-08T09:00:00","2000-05-08","0.0","Incomplete","Good",""
"http://environment.data.gov.uk/hydrology/id/measures/65ac333f-ab70-45e0-b328-9df13418161f-rainfall-t-86400-mm-qualified","2000-05-09T09:00:00","2000-05-09","0.0","Incomplete","Good",""
"http://environment.data.gov.uk/hydrology/id/measures/65ac333f-ab70-45e0-b328-9df13418161f-rainfall-t-86400-mm-qualified","2000-05-10T09:00:00","2000-05-10","0.0","Incomplete","Good",""
"http://environment.data.gov.uk/hydrology/id/measures/65ac333f-ab70-45e0-b328-9df13418161f-rainfall-t-86400-mm-qualified","2000-05-11T09:00:00","2000-05-11","0.0","Incomplete","Good",""
"http://environment.data.gov.uk/hydrology/id/measures/65ac333f-ab70-45e0-b328-9df13418161f-rainfall-t-86400-mm-qualified","2000-05-12T09:00:00","2000-05-12","0.0","Incomplete","Good",""
"http://environment.data.gov.uk/hydrology/id/measures/65ac333f-ab70-45e0-b328-9df13418161f-rainfall-t-86400-mm-qualified","2000-05-13T09:00:00","2000-05-13","0.0","Incomplete","Good",""
"http://environment.data.gov.uk/hydrology/id/measures/65ac333f-ab70-45e0-b328-9df13418161f-rainfall-t-86400-mm-qualified","2000-05-14T09:00:00","2000-05-14","0.0","Incomplete","Good",""
"http://environment.data.gov.uk/hydrology/id/measures/65ac333f-ab70-45e0-b328-9df13418161f-rainfall-t-86400-mm-qualified","2000-05-15T09:00:00","2000-05-15","0.0","Incomplete","Good",""
"http://environment.data.gov.uk/hydrology/id/measures/65ac333f-ab70-45e0-b328-9df13418161f-rainfall-t-86400-mm-qualified","2000-05-16T09:00:00","2000-05-16","2.5","Incomplete","Good",""
"http://environment.data.gov.uk/hydrology/id/measures/65ac333f-ab70-45e0-b328-9df13418161f-rainfall-t-86400-mm-qualified","2000-05-17T09:00:00","2000-05-17","15.0","Incomplete","Good",""
"http://environment.data.gov.uk/hydrology/id/measures/65ac333f-ab70-45e0-b328-9df13418161f-rainfall-t-86400-mm-qualified","2000-05-18T09:00:00","2000-05-18","11.5","Incomplete","Good",""
"http://environment.data.gov.uk/hydrology/id/measures/65ac333f-ab70-45e0-b328-9df13418161f-rainfall-t-86400-mm-qualified","2000-05-19T09:00:00","2000-05-19","12.5","Incomplete","Good",""
"http://environment.data.gov.uk/hydrology/id/measures/65ac333f-ab70-45e0-b328-9df13418161f-rainfall-t-86400-mm-qualified","2000-05-20T09:00:00","2000-05-20","6.0","Incomplete","Good",""
"http://environment.data.gov.uk/hydrology/id/measures/65ac333f-ab70-45e0-b328-9df13418161f-rainfall-t-86400-mm-qualified","2000-05-21T09:00:00","2000-05-21","0.0","Incomplete","Good",""
"http://environment.data.gov.uk/hydrology/id/measures/65ac333f-ab70-45e0-b328-9df13418161f-rainfall-t-86400-mm-qualified","2000-05-22T09:00:00","2000-05-22","3.0","Incomplete","Good",""
"http://environment.data.gov.uk/hydrology/id/measures/65ac333f-ab70-45e0-b328-9df13418161f-rainfall-t-86400-mm-qualified","2000-05-23T09:00:00","2000-05-23","12.0","Incomplete","Good",""
"http://environment.data.gov.uk/hydrology/id/measures/65ac333f-ab70-45e0-b328-9df13418161f-rainfall-t-86400-mm-qualified","2000-05-24T09:00:00","2000-05-24","0.0","Incomplete","Good",""
"http://environment.data.gov.uk/hydrology/id/measures/65ac333f-ab70-45e0-b328-9df13418161f-rainfall-t-86400-mm-qualified","2000-05-25T09:00:00","2000-05-25","4.5","Incomplete","Good",""
"http://environment.data.gov.uk/hydrology/id/measures/65ac333f-ab70-45e0-b328-9df13418161f-rainfall-t-86400-mm-qualified","2000-05-26T09:00:00","2000-05-26","17.0","Incomplete","Good",""
"http://environment.data.gov.uk/hydrology/id/measures/65ac333f-ab70-45e0-b328-9df13418161f-rainfall-t-86400-mm-qualified","2000-05-27T09:00:00","2000-05-27","3.0","Incomplete","Good",""
"http://environment.data.gov.uk/hydrology/id/measures/65ac333f-ab70-45e0-b328-9df13418161f-rainfall-t-86400-mm-qualified","2000-05-28T09:00:00","2000-05-28","2.0","Incomplete","Good",""
"http://environment.data.gov.uk/hydrology/id/measures/65ac333f-ab70-45e0-b328-9df13418161f-rainfall-t-86400-mm-qualified","2000-05-29T09:00:00","2000-05-29","0.5","Incomplete","Good",""
"http://environment.data.gov.uk/hydrology/id/measures/65ac333f-ab70-45e0-b328-9df13418161f-rainfall-t-86400-mm-qualified","2000-05-30T09:00:00","2000-05-30","2.5","Incomplete","Good",""
"http://environment.data.gov.uk/hydrology/id/measures/65ac333f-ab70-45e0-b328-9df13418161f-rainfall-t-86400-mm-qualified","2000-05-31T09:00:00","2000-05-31","6.0","Incomplete","Good",""
"http://environment.data.gov.uk/hydrology/id/measures/65ac333f-ab70-45e0-b328-9df13418161f-rainfall-t-86400-mm-qualified","2000-06-01T09:00:00","2000-06-01","1.0","Incomplete","Good",""
"http://environment.data.gov.uk/hydrology/id/measures/65ac333f-ab70-45e0-b328-9df13418161f-rainfall-t-86400-mm-qualified","2000-06-02T09:00:00","2000-06-02","13.5","Incomplete","Good",""
"http://environment.data.gov.uk/hydrology/id/measures/65ac333f-ab70-45e0-b328-9df13418161f-rainfall-t-86400-mm-qualified","2000-06-03T09:00:00","2000-06-03","14.0","Incomplete","Good",""
"http://environment.data.gov.uk/hydrology/id/measures/65ac333f-ab70-45e0-b328-9df13418161f-rainfall-t-86400-mm-qualified","2000-06-04T09:00:00","2000-06-04","1.5","Incomplete","Good",""
"http://environment.data.gov.uk/hydrology/id/measures/65ac333f-ab70-45e0-b328-9df13418161f-rainfall-t-86400-mm-qualified","2000-06-05T09:00:00","2000-06-05","0.5","Incomplete","Good",""
"http://environment.data.gov.uk/hydrology/id/measures/65ac333f-ab70-45e0-b328-9df13418161f-rainfall-t-86400-mm-qualified","2000-06-06T09:00:00","2000-06-06","0.5","Incomplete","Good",""
"http://environment.data.gov.uk/hydrology/id/measures/65ac333f-ab70-45e0-b328-9df13418161f-rainfall-t-86400-mm-qualified","2000-06-07T09:00:00","2000-06-07","0.5","Incomplete","Good",""
"http://environment.data.gov.uk/hydrology/id/measures/65ac333f-ab70-45e0-b328-9df13418161f-rainfall-t-86400-mm-qualified","2000-06-08T09:00:00","2000-06-08","1.5","Incomplete","Good",""
"http://environment.data.gov.uk/hydrology/id/measures/65ac333f-ab70-45e0-b328-9df13418161f-rainfall-t-86400-mm-qualified","2000-06-09T09:00:00","2000-06-09","0.0","Incomplete","Good",""
"http://environment.data.gov.uk/hydrology/id/measures/65ac333f-ab70-45e0-b328-9df13418161f-rainfall-t-86400-mm-qualified","2000-06-10T09:00:00","2000-06-10","0.0","Incomplete","Good",""
"http://environment.data.gov.uk/hydrology/id/measures/65ac333f-ab70-45e0-b328-9df13418161f-rainfall-t-86400-mm-qualified","2000-06-11T09:00:00","2000-06-11","0.0","Incomplete","Good",""
"http://environment.data.gov.uk/hydrology/id/measures/65ac333f-ab70-45e0-b328-9df13418161f-rainfall-t-86400-mm-qualified","2000-06-12T09:00:00","2000-06-12","2.0","Incomplete","Good",""
"http://environment.data.gov.uk/hydrology/id/measures/65ac333f-ab70-45e0-b328-9df13418161f-rainfall-t-86400-mm-qualified","2000-06-13T09:00:00","2000-06-13","1.5","Incomplete","Good",""
"http://environment.data.gov.uk/hydrology/id/measures/65ac333f-ab70-45e0-b328-9df13418161f-rainfall-t-86400-mm-qualified","2000-06-14T09:00:00","2000-06-14","4.0","Incomplete","Good",""
"http://environment.data.gov.uk/hydrology/id/measures/65ac333f-ab70-45e0-b328-9df13418161f-rainfall-t-86400-mm-qualified","2000-06-15T09:00:00","2000-06-15","0.0","Incomplete","Good",""
"http://environment.data.gov.uk/hydrology/id/measures/65ac333f-ab70-45e0-b328-9df13418161f-rainfall-t-86400-mm-qualified","2000-06-16T09:00:00","2000-06-16","0.0","Incomplete","Good",""
"http://environment.data.gov.uk/hydrology/id/measures/65ac333f-ab70-45e0-b328-9df13418161f-rainfall-t-86400-mm-qualified","2000-06-17T09:00:00","2000-06-17","0.0","Incomplete","Good",""
"http://environment.data.gov.uk/hydrology/id/measures/65ac333f-ab70-45e0-b328-9df13418161f-rainfall-t-86400-mm-qualified","2000-06-18T09:00:00","2000-06-18","0.0","Incomplete","Good",""
"http://environment.data.gov.uk/hydrology/id/measures/65ac333f-ab70-45e0-b328-9df13418161f-rainfall-t-86400-mm-qualified","2000-06-19T09:00:00","2000-06-19","0.0","Incomplete","Good",""
"http://environment.data.gov.uk/hydrology/id/measures/65ac333f-ab70-45e0-b328-9df13418161f-rainfall-t-86400-mm-qualified","2000-06-20T09:00:00","2000-06-20","1.5","Incomplete","Good",""
"http://environment.data.gov.uk/hydrology/id/measures/65ac333f-ab70-45e0-b328-9df13418161f-rainfall-t-86400-mm-qualified","2000-06-21T09:00:00","2000-06-21","5.5","Incomplete","Good",""
"http://environment.data.gov.uk/hydrology/id/measures/65ac333f-ab70-45e0-b328-9df13418161f-rainfall-t-86400-mm-qualified","2000-06-22T09:00:00","2000-06-22","17.5","Incomplete","Good",""
"http://environment.data.gov.uk/hydrology/id/measures/65ac333f-ab70-45e0-b328-9df13418161f-rainfall-t-86400-mm-qualified","2000-06-23T09:00:00","2000-06-23","4.0","Incomplete","Good",""
"http://environment.data.gov.uk/hydrology/id/measures/65ac333f-ab70-45e0-b328-9df13418161f-rainfall-t-86400-mm-qualified","2000-06-24T09:00:00","2000-06-24","1.0","Incomplete","Good",""
"http://environment.data.gov.uk/hydrology/id/measures/65ac333f-ab70-45e0-b328-9df13418161f-rainfall-t-86400-mm-qualified","2000-06-25T09:00:00","2000-06-25","0.5","Incomplete","Good",""
"http://environment.data.gov.uk/hydrology/id/measures/65ac333f-ab70-45e0-b328-9df13418161f-rainfall-t-86400-mm-qualified","2000-06-26T09:00:00","2000-06-26","0.0","Incomplete","Good",""
"http://environment.data.gov.uk/hydrology/id/measures/65ac333f-ab70-45e0-b328-9df13418161f-rainfall-t-86400-mm-qualified","2000-06-27T09:00:00","2000-06-27","0.0","Incomplete","Good",""
"http://environment.data.gov.uk/hydrology/id/measures/65ac333f-ab70-45e0-b328-9df13418161f-rainfall-t-86400-mm-qualified","2000-06-28T09:00:00","2000-06-28","1.5","Incomplete","Good",""
"http://environment.data.gov.uk/hydrology/id/measures/65ac333f-ab70-45e0-b328-9df13418161f-rainfall-t-86400-mm-qualified","2000-06-29T09:00:00","2000-06-29","0.0","Incomplete","Good",""
"http://environment.data.gov.uk/hydrology/id/measures/65ac333f-ab70-45e0-b328-9df13418161f-rainfall-t-86400-mm-qualified","2000-06-30T09:00:00","2000-06-30","2.0","Incomplete","Good",""
"http://environment.data.gov.uk/hydrology/id/measures/65ac333f-ab70-45e0-b328-9df13418161f-rainfall-t-86400-mm-qualified","2000-07-01T09:00:00","2000-07-01","1.5","Incomplete","Good",""
"http://environment.data.gov.uk/hydrology/id/measures/65ac333f-ab70-45e0-b328-9df13418161f-rainfall-t-86400-mm-qualified","2000-07-02T09:00:00","2000-07-02","15.5","Incomplete","Good",""
"http://environment.data.gov.uk/hydrology/id/measures/65ac333f-ab70-45e0-b328-9df13418161f-rainfall-t-86400-mm-qualified","2000-07-03T09:00:00","2000-07-03","0.0","Incomplete","Good",""
"http://environment.data.gov.uk/hydrology/id/measures/65ac333f-ab70-45e0-b328-9df13418161f-rainfall-t-86400-mm-qualified","2000-07-04T09:00:00","2000-07-04","0.0","Incomplete","Good",""
"http://environment.data.gov.uk/hydrology/id/measures/65ac333f-ab70-45e0-b328-9df13418161f-rainfall-t-86400-mm-qualified","2000-07-05T09:00:00","2000-07-05","16.0","Incomplete","Good",""
"http://environment.data.gov.uk/hydrology/id/measures/65ac333f-ab70-45e0-b328-9df13418161f-rainfall-t-86400-mm-qualified","2000-07-06T09:00:00","2000-07-06","0.0","Incomplete","Good",""
"http://environment.data.gov.uk/hydrology/id/measures/65ac333f-ab70-45e0-b328-9df13418161f-rainfall-t-86400-mm-qualified","2000-07-07T09:00:00","2000-07-07","6.0","Incomplete","Good",""
"http://environment.data.gov.uk/hydrology/id/measures/65ac333f-ab70-45e0-b328-9df13418161f-rainfall-t-86400-mm-qualified","2000-07-08T09:00:00","2000-07-08","7.0","Incomplete","Good",""
"http://environment.data.gov.uk/hydrology/id/measures/65ac333f-ab70-45e0-b328-9df13418161f-rainfall-t-86400-mm-qualified","2000-07-09T09:00:00","2000-07-09","4.5","Incomplete","Good",""
"http://environment.data.gov.uk/hydrology/id/measures/65ac333f-ab70-45e0-b328-9df13418161f-rainfall-t-86400-mm-qualified","2000-07-10T09:00:00","2000-07-10","4.0","Incomplete","Good",""
"http://environment.data.gov.uk/hydrology/id/measures/65ac333f-ab70-45e0-b328-9df13418161f-rainfall-t-86400-mm-qualified","2000-07-11T09:00:00","2000-07-11","0.0","Incomplete","Good",""
"http://environment.data.gov.uk/hydrology/id/measures/65ac333f-ab70-45e0-b328-9df13418161f-rainfall-t-86400-mm-qualified","2000-07-12T09:00:00","2000-07-12","3.0","Incomplete","Good",""
"http://environment.data.gov.uk/hydrology/id/measures/65ac333f-ab70-45e0-b328-9df13418161f-rainfall-t-86400-mm-qualified","2000-07-13T09:00:00","2000-07-13","4.0","Incomplete","Good",""
"http://environment.data.gov.uk/hydrology/id/measures/65ac333f-ab70-45e0-b328-9df13418161f-rainfall-t-86400-mm-qualified","2000-07-14T09:00:00","2000-07-14","0.5","Incomplete","Good",""
"http://environment.data.gov.uk/hydrology/id/measures/65ac333f-ab70-45e0-b328-9df13418161f-rainfall-t-86400-mm-qualified","2000-07-15T09:00:00","2000-07-15","0.0","Incomplete","Good",""
"http://environment.data.gov.uk/hydrology/id/measures/65ac333f-ab70-45e0-b328-9df13418161f-rainfall-t-86400-mm-qualified","2000-07-16T09:00:00","2000-07-16","0.0","Incomplete","Good",""
"http://environment.data.gov.uk/hydrology/id/measures/65ac333f-ab70-45e0-b328-9df13418161f-rainfall-t-86400-mm-qualified","2000-07-17T09:00:00","2000-07-17","0.0","Incomplete","Good",""
"http://environment.data.gov.uk/hydrology/id/measures/65ac333f-ab70-45e0-b328-9df13418161f-rainfall-t-86400-mm-qualified","2000-07-18T09:00:00","2000-07-18","0.0","Incomplete","Good",""
"http://environment.data.gov.uk/hydrology/id/measures/65ac333f-ab70-45e0-b328-9df13418161f-rainfall-t-86400-mm-qualified","2000-07-19T09:00:00","2000-07-19","0.0","Incomplete","Good",""
"http://environment.data.gov.uk/hydrology/id/measures/65ac333f-ab70-45e0-b328-9df13418161f-rainfall-t-86400-mm-qualified","2000-07-20T09:00:00","2000-07-20","0.0","Incomplete","Good",""
"http://environment.data.gov.uk/hydrology/id/measures/65ac333f-ab70-45e0-b328-9df13418161f-rainfall-t-86400-mm-qualified","2000-07-21T09:00:00","2000-07-21","0.0","Incomplete","Good",""
"http://environment.data.gov.uk/hydrology/id/measures/65ac333f-ab70-45e0-b328-9df13418161f-rainfall-t-86400-mm-qualified","2000-07-22T09:00:00","2000-07-22","0.0","Incomplete","Good",""
"http://environment.data.gov.uk/hydrology/id/measures/65ac333f-ab70-45e0-b328-9df13418161f-rainfall-t-86400-mm-qualified","2000-07-23T09:00:00","2000-07-23","0.0","Incomplete","Good",""
"http://environment.data.gov.uk/hydrology/id/measures/65ac333f-ab70-45e0-b328-9df13418161f-rainfall-t-86400-mm-qualified","2000-07-24T09:00:00","2000-07-24","0.0","Incomplete","Good",""
"http://environment.data.gov.uk/hydrology/id/measures/65ac333f-ab70-45e0-b328-9df13418161f-rainfall-t-86400-mm-qualified","2000-07-25T09:00:00","2000-07-25","0.0","Incomplete","Good",""
"http://environment.data.gov.uk/hydrology/id/measures/65ac333f-ab70-45e0-b328-9df13418161f-rainfall-t-86400-mm-qualified","2000-07-26T09:00:00","2000-07-26","0.0","Incomplete","Good",""
"http://environment.data.gov.uk/hydrology/id/measures/65ac333f-ab70-45e0-b328-9df13418161f-rainfall-t-86400-mm-qualified","2000-07-27T09:00:00","2000-07-27","5.5","Incomplete","Good",""
"http://environment.data.gov.uk/hydrology/id/measures/65ac333f-ab70-45e0-b328-9df13418161f-rainfall-t-86400-mm-qualified","2000-07-28T09:00:00","2000-07-28","3.5","Incomplete","Good",""
"http://environment.data.gov.uk/hydrology/id/measures/65ac333f-ab70-45e0-b328-9df13418161f-rainfall-t-86400-mm-qualified","2000-07-29T09:00:00","2000-07-29","13.5","Incomplete","Good",""
"http://environment.data.gov.uk/hydrology/id/measures/65ac333f-ab70-45e0-b328-9df13418161f-rainfall-t-86400-mm-qualified","2000-07-30T09:00:00","2000-07-30","3.0","Incomplete","Good",""
"http://environment.data.gov.uk/hydrology/id/measures/65ac333f-ab70-45e0-b328-9df13418161f-rainfall-t-86400-mm-qualified","2000-07-31T09:00:00","2000-07-31","2.0","Incomplete","Good",""
"http://environment.data.gov.uk/hydrology/id/measures/65ac333f-ab70-45e0-b328-9df13418161f-rainfall-t-86400-mm-qualified","2000-08-01T09:00:00","2000-08-01","0.5","Incomplete","Good",""
"http://environment.data.gov.uk/hydrology/id/measures/65ac333f-ab70-45e0-b328-9df13418161f-rainfall-t-86400-mm-qualified","2000-08-02T09:00:00","2000-08-02","6.0","Incomplete","Good",""
"http://environment.data.gov.uk/hydrology/id/measures/65ac333f-ab70-45e0-b328-9df13418161f-rainfall-t-86400-mm-qualified","2000-08-03T09:00:00","2000-08-03","4.0","Incomplete","Good",""
"http://environment.data.gov.uk/hydrology/id/measures/65ac333f-ab70-45e0-b328-9df13418161f-rainfall-t-86400-mm-qualified","2000-08-04T09:00:00","2000-08-04","0.0","Incomplete","Good",""
"http://environment.data.gov.uk/hydrology/id/measures/65ac333f-ab70-45e0-b328-9df13418161f-rainfall-t-86400-mm-qualified","2000-08-05T09:00:00","2000-08-05","0.5","Incomplete","Good",""
"http://environment.data.gov.uk/hydrology/id/measures/65ac333f-ab70-45e0-b328-9df13418161f-rainfall-t-86400-mm-qualified","2000-08-06T09:00:00","2000-08-06","0.0","Incomplete","Good",""
"http://environment.data.gov.uk/hydrology/id/measures/65ac333f-ab70-45e0-b328-9df13418161f-rainfall-t-86400-mm-qualified","2000-08-07T09:00:00","2000-08-07","0.5","Incomplete","Good",""
"http://environment.data.gov.uk/hydrology/id/measures/65ac333f-ab70-45e0-b328-9df13418161f-rainfall-t-86400-mm-qualified","2000-08-08T09:00:00","2000-08-08","1.5","Incomplete","Good",""
"http://environment.data.gov.uk/hydrology/id/measures/65ac333f-ab70-45e0-b328-9df13418161f-rainfall-t-86400-mm-qualified","2000-08-09T09:00:00","2000-08-09","5.0","Incomplete","Good",""
"http://environment.data.gov.uk/hydrology/id/measures/65ac333f-ab70-45e0-b328-9df13418161f-rainfall-t-86400-mm-qualified","2000-08-10T09:00:00","2000-08-10","1.0","Incomplete","Good",""
"http://environment.data.gov.uk/hydrology/id/measures/65ac333f-ab70-45e0-b328-9df13418161f-rainfall-t-86400-mm-qualified","2000-08-11T09:00:00","2000-08-11","0.0","Incomplete","Good",""
"http://environment.data.gov.uk/hydrology/id/measures/65ac333f-ab70-45e0-b328-9df13418161f-rainfall-t-86400-mm-qualified","2000-08-12T09:00:00","2000-08-12","0.0","Incomplete","Good",""
"http://environment.data.gov.uk/hydrology/id/measures/65ac333f-ab70-45e0-b328-9df13418161f-rainfall-t-86400-mm-qualified","2000-08-13T09:00:00","2000-08-13","10.0","Incomplete","Good",""
"http://environment.data.gov.uk/hydrology/id/measures/65ac333f-ab70-45e0-b328-9df13418161f-rainfall-t-86400-mm-qualified","2000-08-14T09:00:00","2000-08-14","3.0","Incomplete","Good",""
"http://environment.data.gov.uk/hydrology/id/measures/65ac333f-ab70-45e0-b328-9df13418161f-rainfall-t-86400-mm-qualified","2000-08-15T09:00:00","2000-08-15","2.5","Incomplete","Good",""
"http://environment.data.gov.uk/hydrology/id/measures/65ac333f-ab70-45e0-b328-9df13418161f-rainfall-t-86400-mm-qualified","2000-08-16T09:00:00","2000-08-16","0.0","Incomplete","Good",""
"http://environment.data.gov.uk/hydrology/id/measures/65ac333f-ab70-45e0-b328-9df13418161f-rainfall-t-86400-mm-qualified","2000-08-17T09:00:00","2000-08-17","2.0","Incomplete","Good",""
"http://environment.data.gov.uk/hydrology/id/measures/65ac333f-ab70-45e0-b328-9df13418161f-rainfall-t-86400-mm-qualified","2000-08-18T09:00:00","2000-08-18","3.5","Incomplete","Good",""
"http://environment.data.gov.uk/hydrology/id/measures/65ac333f-ab70-45e0-b328-9df13418161f-rainfall-t-86400-mm-qualified","2000-08-19T09:00:00","2000-08-19","0.5","Incomplete","Good",""
"http://environment.data.gov.uk/hydrology/id/measures/65ac333f-ab70-45e0-b328-9df13418161f-rainfall-t-86400-mm-qualified","2000-08-20T09:00:00","2000-08-20","0.0","Incomplete","Good",""
"http://environment.data.gov.uk/hydrology/id/measures/65ac333f-ab70-45e0-b328-9df13418161f-rainfall-t-86400-mm-qualified","2000-08-21T09:00:00","2000-08-21","2.5","Incomplete","Good",""
"http://environment.data.gov.uk/hydrology/id/measures/65ac333f-ab70-45e0-b328-9df13418161f-rainfall-t-86400-mm-qualified","2000-08-22T09:00:00","2000-08-22","0.0","Incomplete","Good",""
"http://environment.data.gov.uk/hydrology/id/measures/65ac333f-ab70-45e0-b328-9df13418161f-rainfall-t-86400-mm-qualified","2000-08-23T09:00:00","2000-08-23","0.0","Incomplete","Good",""
"http://environment.data.gov.uk/hydrology/id/measures/65ac333f-ab70-45e0-b328-9df13418161f-rainfall-t-86400-mm-qualified","2000-08-24T09:00:00","2000-08-24","0.0","Incomplete","Good",""
"http://environment.data.gov.uk/hydrology/id/measures/65ac333f-ab70-45e0-b328-9df13418161f-rainfall-t-86400-mm-qualified","2000-08-25T09:00:00","2000-08-25","11.5","Incomplete","Good",""
"http://environment.data.gov.uk/hydrology/id/measures/65ac333f-ab70-45e0-b328-9df13418161f-rainfall-t-86400-mm-qualified","2000-08-26T09:00:00","2000-08-26","20.5","Incomplete","Good",""
"http://environment.data.gov.uk/hydrology/id/measures/65ac333f-ab70-45e0-b328-9df13418161f-rainfall-t-86400-mm-qualified","2000-08-27T09:00:00","2000-08-27","3.5","Incomplete","Good",""
"http://environment.data.gov.uk/hydrology/id/measures/65ac333f-ab70-45e0-b328-9df13418161f-rainfall-t-86400-mm-qualified","2000-08-28T09:00:00","2000-08-28","1.0","Incomplete","Good",""
"http://environment.data.gov.uk/hydrology/id/measures/65ac333f-ab70-45e0-b328-9df13418161f-rainfall-t-86400-mm-qualified","2000-08-29T09:00:00","2000-08-29","0.0","Incomplete","Good",""
"http://environment.data.gov.uk/hydrology/id/measures/65ac333f-ab70-45e0-b328-9df13418161f-rainfall-t-86400-mm-qualified","2000-08-30T09:00:00","2000-08-30","0.0","Incomplete","Good",""
"http://environment.data.gov.uk/hydrology/id/measures/65ac333f-ab70-45e0-b328-9df13418161f-rainfall-t-86400-mm-qualified","2000-08-31T09:00:00","2000-08-31","13.5","Incomplete","Good",""
"http://environment.data.gov.uk/hydrology/id/measures/65ac333f-ab70-45e0-b328-9df13418161f-rainfall-t-86400-mm-qualified","2000-09-01T09:00:00","2000-09-01","3.5","Incomplete","Good",""
"http://environment.data.gov.uk/hydrology/id/measures/65ac333f-ab70-45e0-b328-9df13418161f-rainfall-t-86400-mm-qualified","2000-09-02T09:00:00","2000-09-02","0.0","Incomplete","Good",""
"http://environment.data.gov.uk/hydrology/id/measures/65ac333f-ab70-45e0-b328-9df13418161f-rainfall-t-86400-mm-qualified","2000-09-03T09:00:00","2000-09-03","0.0","Incomplete","Good",""
"http://environment.data.gov.uk/hydrology/id/measures/65ac333f-ab70-45e0-b328-9df13418161f-rainfall-t-86400-mm-qualified","2000-09-04T09:00:00","2000-09-04","0.5","Incomplete","Good",""
"http://environment.data.gov.uk/hydrology/id/measures/65ac333f-ab70-45e0-b328-9df13418161f-rainfall-t-86400-mm-qualified","2000-09-05T09:00:00","2000-09-05","4.0","Incomplete","Good",""
"http://environment.data.gov.uk/hydrology/id/measures/65ac333f-ab70-45e0-b328-9df13418161f-rainfall-t-86400-mm-qualified","2000-09-06T09:00:00","2000-09-06","0.0","Incomplete","Good",""
"http://environment.data.gov.uk/hydrology/id/measures/65ac333f-ab70-45e0-b328-9df13418161f-rainfall-t-86400-mm-qualified","2000-09-07T09:00:00","2000-09-07","6.5","Incomplete","Good",""
"http://environment.data.gov.uk/hydrology/id/measures/65ac333f-ab70-45e0-b328-9df13418161f-rainfall-t-86400-mm-qualified","2000-09-08T09:00:00","2000-09-08","0.0","Incomplete","Good",""
"http://environment.data.gov.uk/hydrology/id/measures/65ac333f-ab70-45e0-b328-9df13418161f-rainfall-t-86400-mm-qualified","2000-09-09T09:00:00","2000-09-09","0.0","Incomplete","Good",""
"http://environment.data.gov.uk/hydrology/id/measures/65ac333f-ab70-45e0-b328-9df13418161f-rainfall-t-86400-mm-qualified","2000-09-10T09:00:00","2000-09-10","0.0","Incomplete","Good",""
"http://environment.data.gov.uk/hydrology/id/measures/65ac333f-ab70-45e0-b328-9df13418161f-rainfall-t-86400-mm-qualified","2000-09-11T09:00:00","2000-09-11","0.0","Incomplete","Good",""
"http://environment.data.gov.uk/hydrology/id/measures/65ac333f-ab70-45e0-b328-9df13418161f-rainfall-t-86400-mm-qualified","2000-09-12T09:00:00","2000-09-12","0.5","Incomplete","Good",""
"http://environment.data.gov.uk/hydrology/id/measures/65ac333f-ab70-45e0-b328-9df13418161f-rainfall-t-86400-mm-qualified","2000-09-13T09:00:00","2000-09-13","1.0","Incomplete","Good",""
"http://environment.data.gov.uk/hydrology/id/measures/65ac333f-ab70-45e0-b328-9df13418161f-rainfall-t-86400-mm-qualified","2000-09-14T09:00:00","2000-09-14","6.5","Incomplete","Good",""
"http://environment.data.gov.uk/hydrology/id/measures/65ac333f-ab70-45e0-b328-9df13418161f-rainfall-t-86400-mm-qualified","2000-09-15T09:00:00","2000-09-15","3.0","Incomplete","Good",""
"http://environment.data.gov.uk/hydrology/id/measures/65ac333f-ab70-45e0-b328-9df13418161f-rainfall-t-86400-mm-qualified","2000-09-16T09:00:00","2000-09-16","0.5","Incomplete","Good",""
"http://environment.data.gov.uk/hydrology/id/measures/65ac333f-ab70-45e0-b328-9df13418161f-rainfall-t-86400-mm-qualified","2000-09-17T09:00:00","2000-09-17","16.0","Incomplete","Good",""
"http://environment.data.gov.uk/hydrology/id/measures/65ac333f-ab70-45e0-b328-9df13418161f-rainfall-t-86400-mm-qualified","2000-09-18T09:00:00","2000-09-18","1.0","Incomplete","Good",""
"http://environment.data.gov.uk/hydrology/id/measures/65ac333f-ab70-45e0-b328-9df13418161f-rainfall-t-86400-mm-qualified","2000-09-19T09:00:00","2000-09-19","11.0","Incomplete","Good",""
"http://environment.data.gov.uk/hydrology/id/measures/65ac333f-ab70-45e0-b328-9df13418161f-rainfall-t-86400-mm-qualified","2000-09-20T09:00:00","2000-09-20","5.0","Incomplete","Good",""
"http://environment.data.gov.uk/hydrology/id/measures/65ac333f-ab70-45e0-b328-9df13418161f-rainfall-t-86400-mm-qualified","2000-09-21T09:00:00","2000-09-21","9.0","Incomplete","Good",""
"http://environment.data.gov.uk/hydrology/id/measures/65ac333f-ab70-45e0-b328-9df13418161f-rainfall-t-86400-mm-qualified","2000-09-22T09:00:00","2000-09-22","2.0","Incomplete","Good",""
"http://environment.data.gov.uk/hydrology/id/measures/65ac333f-ab70-45e0-b328-9df13418161f-rainfall-t-86400-mm-qualified","2000-09-23T09:00:00","2000-09-23","0.0","Incomplete","Good",""
"http://environment.data.gov.uk/hydrology/id/measures/65ac333f-ab70-45e0-b328-9df13418161f-rainfall-t-86400-mm-qualified","2000-09-24T09:00:00","2000-09-24","25.0","Incomplete","Good",""
"http://environment.data.gov.uk/hydrology/id/measures/65ac333f-ab70-45e0-b328-9df13418161f-rainfall-t-86400-mm-qualified","2000-09-25T09:00:00","2000-09-25","15.0","Incomplete","Good",""
"http://environment.data.gov.uk/hydrology/id/measures/65ac333f-ab70-45e0-b328-9df13418161f-rainfall-t-86400-mm-qualified","2000-09-26T09:00:00","2000-09-26","3.0","Incomplete","Good",""
"http://environment.data.gov.uk/hydrology/id/measures/65ac333f-ab70-45e0-b328-9df13418161f-rainfall-t-86400-mm-qualified","2000-09-27T09:00:00","2000-09-27","17.0","Incomplete","Good",""
"http://environment.data.gov.uk/hydrology/id/measures/65ac333f-ab70-45e0-b328-9df13418161f-rainfall-t-86400-mm-qualified","2000-09-28T09:00:00","2000-09-28","1.5","Incomplete","Good",""
"http://environment.data.gov.uk/hydrology/id/measures/65ac333f-ab70-45e0-b328-9df13418161f-rainfall-t-86400-mm-qualified","2000-09-29T09:00:00","2000-09-29","2.0","Incomplete","Good",""
"http://environment.data.gov.uk/hydrology/id/measures/65ac333f-ab70-45e0-b328-9df13418161f-rainfall-t-86400-mm-qualified","2000-09-30T09:00:00","2000-09-30","0.5","Incomplete","Good",""
"http://environment.data.gov.uk/hydrology/id/measures/65ac333f-ab70-45e0-b328-9df13418161f-rainfall-t-86400-mm-qualified","2000-10-01T09:00:00","2000-10-01","13.5","Incomplete","Good",""
"http://environment.data.gov.uk/hydrology/id/measures/65ac333f-ab70-45e0-b328-9df13418161f-rainfall-t-86400-mm-qualified","2000-10-02T09:00:00","2000-10-02","4.5","Incomplete","Good",""
"http://environment.data.gov.uk/hydrology/id/measures/65ac333f-ab70-45e0-b328-9df13418161f-rainfall-t-86400-mm-qualified","2000-10-03T09:00:00","2000-10-03","2.0","Incomplete","Good",""
"http://environment.data.gov.uk/hydrology/id/measures/65ac333f-ab70-45e0-b328-9df13418161f-rainfall-t-86400-mm-qualified","2000-10-04T09:00:00","2000-10-04","4.5","Incomplete","Good",""
"http://environment.data.gov.uk/hydrology/id/measures/65ac333f-ab70-45e0-b328-9df13418161f-rainfall-t-86400-mm-qualified","2000-10-05T09:00:00","2000-10-05","6.5","Incomplete","Good",""
"http://environment.data.gov.uk/hydrology/id/measures/65ac333f-ab70-45e0-b328-9df13418161f-rainfall-t-86400-mm-qualified","2000-10-06T09:00:00","2000-10-06","8.5","Incomplete","Good",""
"http://environment.data.gov.uk/hydrology/id/measures/65ac333f-ab70-45e0-b328-9df13418161f-rainfall-t-86400-mm-qualified","2000-10-07T09:00:00","2000-10-07","12.5","Incomplete","Good",""
"http://environment.data.gov.uk/hydrology/id/measures/65ac333f-ab70-45e0-b328-9df13418161f-rainfall-t-86400-mm-qualified","2000-10-08T09:00:00","2000-10-08","3.5","Incomplete","Good",""
"http://environment.data.gov.uk/hydrology/id/measures/65ac333f-ab70-45e0-b328-9df13418161f-rainfall-t-86400-mm-qualified","2000-10-09T09:00:00","2000-10-09","26.0","Incomplete","Good",""
"http://environment.data.gov.uk/hydrology/id/measures/65ac333f-ab70-45e0-b328-9df13418161f-rainfall-t-86400-mm-qualified","2000-10-10T09:00:00","2000-10-10","11.5","Incomplete","Good",""
"http://environment.data.gov.uk/hydrology/id/measures/65ac333f-ab70-45e0-b328-9df13418161f-rainfall-t-86400-mm-qualified","2000-10-11T09:00:00","2000-10-11","0.5","Incomplete","Good",""
"http://environment.data.gov.uk/hydrology/id/measures/65ac333f-ab70-45e0-b328-9df13418161f-rainfall-t-86400-mm-qualified","2000-10-12T09:00:00","2000-10-12","6.0","Incomplete","Good",""
"http://environment.data.gov.uk/hydrology/id/measures/65ac333f-ab70-45e0-b328-9df13418161f-rainfall-t-86400-mm-qualified","2000-10-13T09:00:00","2000-10-13","0.5","Incomplete","Good",""
"http://environment.data.gov.uk/hydrology/id/measures/65ac333f-ab70-45e0-b328-9df13418161f-rainfall-t-86400-mm-qualified","2000-10-14T09:00:00","2000-10-14","2.5","Incomplete","Good",""
"http://environment.data.gov.uk/hydrology/id/measures/65ac333f-ab70-45e0-b328-9df13418161f-rainfall-t-86400-mm-qualified","2000-10-15T09:00:00","2000-10-15","0.0","Incomplete","Good",""
"http://environment.data.gov.uk/hydrology/id/measures/65ac333f-ab70-45e0-b328-9df13418161f-rainfall-t-86400-mm-qualified","2000-10-16T09:00:00","2000-10-16","6.0","Incomplete","Good",""
"http://environment.data.gov.uk/hydrology/id/measures/65ac333f-ab70-45e0-b328-9df13418161f-rainfall-t-86400-mm-qualified","2000-10-17T09:00:00","2000-10-17","7.0","Incomplete","Good",""
"http://environment.data.gov.uk/hydrology/id/measures/65ac333f-ab70-45e0-b328-9df13418161f-rainfall-t-86400-mm-qualified","2000-10-18T09:00:00","2000-10-18","0.0","Incomplete","Good",""
"http://environment.data.gov.uk/hydrology/id/measures/65ac333f-ab70-45e0-b328-9df13418161f-rainfall-t-86400-mm-qualified","2000-10-19T09:00:00","2000-10-19","0.0","Incomplete","Good",""
"http://environment.data.gov.uk/hydrology/id/measures/65ac333f-ab70-45e0-b328-9df13418161f-rainfall-t-86400-mm-qualified","2000-10-20T09:00:00","2000-10-20","4.5","Incomplete","Good",""
"http://environment.data.gov.uk/hydrology/id/measures/65ac333f-ab70-45e0-b328-9df13418161f-rainfall-t-86400-mm-qualified","2000-10-21T09:00:00","2000-10-21","0.0","Incomplete","Good",""
"http://environment.data.gov.uk/hydrology/id/measures/65ac333f-ab70-45e0-b328-9df13418161f-rainfall-t-86400-mm-qualified","2000-10-22T09:00:00","2000-10-22","2.5","Incomplete","Good",""
"http://environment.data.gov.uk/hydrology/id/measures/65ac333f-ab70-45e0-b328-9df13418161f-rainfall-t-86400-mm-qualified","2000-10-23T09:00:00","2000-10-23","3.0","Incomplete","Good",""
"http://environment.data.gov.uk/hydrology/id/measures/65ac333f-ab70-45e0-b328-9df13418161f-rainfall-t-86400-mm-qualified","2000-10-24T09:00:00","2000-10-24","5.5","Incomplete","Good",""
"http://environment.data.gov.uk/hydrology/id/measures/65ac333f-ab70-45e0-b328-9df13418161f-rainfall-t-86400-mm-qualified","2000-10-25T09:00:00","2000-10-25","9.0","Incomplete","Good",""
"http://environment.data.gov.uk/hydrology/id/measures/65ac333f-ab70-45e0-b328-9df13418161f-rainfall-t-86400-mm-qualified","2000-10-26T09:00:00","2000-10-26","6.5","Incomplete","Good",""
"http://environment.data.gov.uk/hydrology/id/measures/65ac333f-ab70-45e0-b328-9df13418161f-rainfall-t-86400-mm-qualified","2000-10-27T09:00:00","2000-10-27","2.5","Incomplete","Good",""
"http://environment.data.gov.uk/hydrology/id/measures/65ac333f-ab70-45e0-b328-9df13418161f-rainfall-t-86400-mm-qualified","2000-10-28T09:00:00","2000-10-28","18.5","Incomplete","Good",""
"http://environment.data.gov.uk/hydrology/id/measures/65ac333f-ab70-45e0-b328-9df13418161f-rainfall-t-86400-mm-qualified","2000-10-29T09:00:00","2000-10-29","33.0","Incomplete","Good",""
"http://environment.data.gov.uk/hydrology/id/measures/65ac333f-ab70-45e0-b328-9df13418161f-rainfall-t-86400-mm-qualified","2000-10-30T09:00:00","2000-10-30","14.0","Incomplete","Good",""
"http://environment.data.gov.uk/hydrology/id/measures/65ac333f-ab70-45e0-b328-9df13418161f-rainfall-t-86400-mm-qualified","2000-10-31T09:00:00","2000-10-31","3.5","Incomplete","Good",""
"http://environment.data.gov.uk/hydrology/id/measures/65ac333f-ab70-45e0-b328-9df13418161f-rainfall-t-86400-mm-qualified","2000-11-01T09:00:00","2000-11-01","3.5","Incomplete","Good",""
"http://environment.data.gov.uk/hydrology/id/measures/65ac333f-ab70-45e0-b328-9df13418161f-rainfall-t-86400-mm-qualified","2000-11-02T09:00:00","2000-11-02","9.5","Incomplete","Good",""
"http://environment.data.gov.uk/hydrology/id/measures/65ac333f-ab70-45e0-b328-9df13418161f-rainfall-t-86400-mm-qualified","2000-11-03T09:00:00","2000-11-03","14.5","Incomplete","Good",""
"http://environment.data.gov.uk/hydrology/id/measures/65ac333f-ab70-45e0-b328-9df13418161f-rainfall-t-86400-mm-qualified","2000-11-04T09:00:00","2000-11-04","5.0","Incomplete","Good",""
"http://environment.data.gov.uk/hydrology/id/measures/65ac333f-ab70-45e0-b328-9df13418161f-rainfall-t-86400-mm-qualified","2000-11-05T09:00:00","2000-11-05","22.5","Incomplete","Good",""
"http://environment.data.gov.uk/hydrology/id/measures/65ac333f-ab70-45e0-b328-9df13418161f-rainfall-t-86400-mm-qualified","2000-11-06T09:00:00","2000-11-06","78.0","Incomplete","Good",""
"http://environment.data.gov.uk/hydrology/id/measures/65ac333f-ab70-45e0-b328-9df13418161f-rainfall-t-86400-mm-qualified","2000-11-07T09:00:00","2000-11-07","12.0","Incomplete","Good",""
"http://environment.data.gov.uk/hydrology/id/measures/65ac333f-ab70-45e0-b328-9df13418161f-rainfall-t-86400-mm-qualified","2000-11-08T09:00:00","2000-11-08","2.0","Incomplete","Good",""
"http://environment.data.gov.uk/hydrology/id/measures/65ac333f-ab70-45e0-b328-9df13418161f-rainfall-t-86400-mm-qualified","2000-11-09T09:00:00","2000-11-09","5.0","Incomplete","Good",""
"http://environment.data.gov.uk/hydrology/id/measures/65ac333f-ab70-45e0-b328-9df13418161f-rainfall-t-86400-mm-qualified","2000-11-10T09:00:00","2000-11-10","4.5","Incomplete","Good",""
"http://environment.data.gov.uk/hydrology/id/measures/65ac333f-ab70-45e0-b328-9df13418161f-rainfall-t-86400-mm-qualified","2000-11-11T09:00:00","2000-11-11","4.0","Incomplete","Good",""
"http://environment.data.gov.uk/hydrology/id/measures/65ac333f-ab70-45e0-b328-9df13418161f-rainfall-t-86400-mm-qualified","2000-11-12T09:00:00","2000-11-12","6.5","Incomplete","Good",""
"http://environment.data.gov.uk/hydrology/id/measures/65ac333f-ab70-45e0-b328-9df13418161f-rainfall-t-86400-mm-qualified","2000-11-13T09:00:00","2000-11-13","11.5","Incomplete","Good",""
"http://environment.data.gov.uk/hydrology/id/measures/65ac333f-ab70-45e0-b328-9df13418161f-rainfall-t-86400-mm-qualified","2000-11-14T09:00:00","2000-11-14","0.0","Incomplete","Good",""
"http://environment.data.gov.uk/hydrology/id/measures/65ac333f-ab70-45e0-b328-9df13418161f-rainfall-t-86400-mm-qualified","2000-11-15T09:00:00","2000-11-15","9.5","Incomplete","Good",""
"http://environment.data.gov.uk/hydrology/id/measures/65ac333f-ab70-45e0-b328-9df13418161f-rainfall-t-86400-mm-qualified","2000-11-16T09:00:00","2000-11-16","21.5","Incomplete","Good",""
"http://environment.data.gov.uk/hydrology/id/measures/65ac333f-ab70-45e0-b328-9df13418161f-rainfall-t-86400-mm-qualified","2000-11-17T09:00:00","2000-11-17","0.5","Incomplete","Good",""
"http://environment.data.gov.uk/hydrology/id/measures/65ac333f-ab70-45e0-b328-9df13418161f-rainfall-t-86400-mm-qualified","2000-11-18T09:00:00","2000-11-18","8.0","Incomplete","Good",""
"http://environment.data.gov.uk/hydrology/id/measures/65ac333f-ab70-45e0-b328-9df13418161f-rainfall-t-86400-mm-qualified","2000-11-19T09:00:00","2000-11-19","13.0","Incomplete","Good",""
"http://environment.data.gov.uk/hydrology/id/measures/65ac333f-ab70-45e0-b328-9df13418161f-rainfall-t-86400-mm-qualified","2000-11-20T09:00:00","2000-11-20","0.0","Incomplete","Good",""
"http://environment.data.gov.uk/hydrology/id/measures/65ac333f-ab70-45e0-b328-9df13418161f-rainfall-t-86400-mm-qualified","2000-11-21T09:00:00","2000-11-21","23.0","Incomplete","Good",""
"http://environment.data.gov.uk/hydrology/id/measures/65ac333f-ab70-45e0-b328-9df13418161f-rainfall-t-86400-mm-qualified","2000-11-22T09:00:00","2000-11-22","1.5","Incomplete","Good",""
"http://environment.data.gov.uk/hydrology/id/measures/65ac333f-ab70-45e0-b328-9df13418161f-rainfall-t-86400-mm-qualified","2000-11-23T09:00:00","2000-11-23","3.0","Incomplete","Good",""
"http://environment.data.gov.uk/hydrology/id/measures/65ac333f-ab70-45e0-b328-9df13418161f-rainfall-t-86400-mm-qualified","2000-11-24T09:00:00","2000-11-24","3.0","Incomplete","Good",""
"http://environment.data.gov.uk/hydrology/id/measures/65ac333f-ab70-45e0-b328-9df13418161f-rainfall-t-86400-mm-qualified","2000-11-25T09:00:00","2000-11-25","28.5","Incomplete","Good",""
"http://environment.data.gov.uk/hydrology/id/measures/65ac333f-ab70-45e0-b328-9df13418161f-rainfall-t-86400-mm-qualified","2000-11-26T09:00:00","2000-11-26","1.5","Incomplete","Good",""
"http://environment.data.gov.uk/hydrology/id/measures/65ac333f-ab70-45e0-b328-9df13418161f-rainfall-t-86400-mm-qualified","2000-11-27T09:00:00","2000-11-27","11.5","Incomplete","Good",""
"http://environment.data.gov.uk/hydrology/id/measures/65ac333f-ab70-45e0-b328-9df13418161f-rainfall-t-86400-mm-qualified","2000-11-28T09:00:00","2000-11-28","0.5","Incomplete","Good",""
"http://environment.data.gov.uk/hydrology/id/measures/65ac333f-ab70-45e0-b328-9df13418161f-rainfall-t-86400-mm-qualified","2000-11-29T09:00:00","2000-11-29","0.5","Incomplete","Good",""
"http://environment.data.gov.uk/hydrology/id/measures/65ac333f-ab70-45e0-b328-9df13418161f-rainfall-t-86400-mm-qualified","2000-11-30T09:00:00","2000-11-30","4.0","Incomplete","Good",""
"http://environment.data.gov.uk/hydrology/id/measures/65ac333f-ab70-45e0-b328-9df13418161f-rainfall-t-86400-mm-qualified","2000-12-01T09:00:00","2000-12-01","6.0","Incomplete","Good",""
"http://environment.data.gov.uk/hydrology/id/measures/65ac333f-ab70-45e0-b328-9df13418161f-rainfall-t-86400-mm-qualified","2000-12-02T09:00:00","2000-12-02","0.0","Incomplete","Good",""
"http://environment.data.gov.uk/hydrology/id/measures/65ac333f-ab70-45e0-b328-9df13418161f-rainfall-t-86400-mm-qualified","2000-12-03T09:00:00","2000-12-03","8.5","Incomplete","Good",""
"http://environment.data.gov.uk/hydrology/id/measures/65ac333f-ab70-45e0-b328-9df13418161f-rainfall-t-86400-mm-qualified","2000-12-04T09:00:00","2000-12-04","3.0","Incomplete","Good",""
"http://environment.data.gov.uk/hydrology/id/measures/65ac333f-ab70-45e0-b328-9df13418161f-rainfall-t-86400-mm-qualified","2000-12-05T09:00:00","2000-12-05","13.0","Incomplete","Good",""
"http://environment.data.gov.uk/hydrology/id/measures/65ac333f-ab70-45e0-b328-9df13418161f-rainfall-t-86400-mm-qualified","2000-12-06T09:00:00","2000-12-06","1.0","Incomplete","Good",""
"http://environment.data.gov.uk/hydrology/id/measures/65ac333f-ab70-45e0-b328-9df13418161f-rainfall-t-86400-mm-qualified","2000-12-07T09:00:00","2000-12-07","19.5","Incomplete","Good",""
"http://environment.data.gov.uk/hydrology/id/measures/65ac333f-ab70-45e0-b328-9df13418161f-rainfall-t-86400-mm-qualified","2000-12-08T09:00:00","2000-12-08","8.5","Incomplete","Good",""
"http://environment.data.gov.uk/hydrology/id/measures/65ac333f-ab70-45e0-b328-9df13418161f-rainfall-t-86400-mm-qualified","2000-12-09T09:00:00","2000-12-09","7.5","Incomplete","Good",""
"http://environment.data.gov.uk/hydrology/id/measures/65ac333f-ab70-45e0-b328-9df13418161f-rainfall-t-86400-mm-qualified","2000-12-10T09:00:00","2000-12-10","7.5","Incomplete","Good",""
"http://environment.data.gov.uk/hydrology/id/measures/65ac333f-ab70-45e0-b328-9df13418161f-rainfall-t-86400-mm-qualified","2000-12-11T09:00:00","2000-12-11","6.0","Incomplete","Good",""
"http://environment.data.gov.uk/hydrology/id/measures/65ac333f-ab70-45e0-b328-9df13418161f-rainfall-t-86400-mm-qualified","2000-12-12T09:00:00","2000-12-12","8.5","Incomplete","Good",""
"http://environment.data.gov.uk/hydrology/id/measures/65ac333f-ab70-45e0-b328-9df13418161f-rainfall-t-86400-mm-qualified","2000-12-13T09:00:00","2000-12-13","11.5","Incomplete","Good",""
"http://environment.data.gov.uk/hydrology/id/measures/65ac333f-ab70-45e0-b328-9df13418161f-rainfall-t-86400-mm-qualified","2000-12-14T09:00:00","2000-12-14","6.0","Incomplete","Good",""
"http://environment.data.gov.uk/hydrology/id/measures/65ac333f-ab70-45e0-b328-9df13418161f-rainfall-t-86400-mm-qualified","2000-12-15T09:00:00","2000-12-15","0.5","Incomplete","Good",""
"http://environment.data.gov.uk/hydrology/id/measures/65ac333f-ab70-45e0-b328-9df13418161f-rainfall-t-86400-mm-qualified","2000-12-16T09:00:00","2000-12-16","0.5","Incomplete","Good",""
"http://environment.data.gov.uk/hydrology/id/measures/65ac333f-ab70-45e0-b328-9df13418161f-rainfall-t-86400-mm-qualified","2000-12-17T09:00:00","2000-12-17","1.0","Incomplete","Good",""
"http://environment.data.gov.uk/hydrology/id/measures/65ac333f-ab70-45e0-b328-9df13418161f-rainfall-t-86400-mm-qualified","2000-12-18T09:00:00","2000-12-18","0.5","Incomplete","Good",""
"http://environment.data.gov.uk/hydrology/id/measures/65ac333f-ab70-45e0-b328-9df13418161f-rainfall-t-86400-mm-qualified","2000-12-19T09:00:00","2000-12-19","7.0","Incomplete","Good",""
"http://environment.data.gov.uk/hydrology/id/measures/65ac333f-ab70-45e0-b328-9df13418161f-rainfall-t-86400-mm-qualified","2000-12-20T09:00:00","2000-12-20","0.0","Incomplete","Good",""
"http://environment.data.gov.uk/hydrology/id/measures/65ac333f-ab70-45e0-b328-9df13418161f-rainfall-t-86400-mm-qualified","2000-12-21T09:00:00","2000-12-21","0.5","Incomplete","Good",""
"http://environment.data.gov.uk/hydrology/id/measures/65ac333f-ab70-45e0-b328-9df13418161f-rainfall-t-86400-mm-qualified","2000-12-22T09:00:00","2000-12-22","0.5","Incomplete","Good",""
"http://environment.data.gov.uk/hydrology/id/measures/65ac333f-ab70-45e0-b328-9df13418161f-rainfall-t-86400-mm-qualified","2000-12-23T09:00:00","2000-12-23","4.5","Incomplete","Good",""
"http://environment.data.gov.uk/hydrology/id/measures/65ac333f-ab70-45e0-b328-9df13418161f-rainfall-t-86400-mm-qualified","2000-12-24T09:00:00","2000-12-24","3.5","Incomplete","Good",""
"http://environment.data.gov.uk/hydrology/id/measures/65ac333f-ab70-45e0-b328-9df13418161f-rainfall-t-86400-mm-qualified","2000-12-25T09:00:00","2000-12-25","0.0","Incomplete","Good",""
"http://environment.data.gov.uk/hydrology/id/measures/65ac333f-ab70-45e0-b328-9df13418161f-rainfall-t-86400-mm-qualified","2000-12-26T09:00:00","2000-12-26","0.0","Incomplete","Good",""
"http://environment.data.gov.uk/hydrology/id/measures/65ac333f-ab70-45e0-b328-9df13418161f-rainfall-t-86400-mm-qualified","2000-12-27T09:00:00","2000-12-27","0.0","Incomplete","Good",""
"http://environment.data.gov.uk/hydrology/id/measures/65ac333f-ab70-45e0-b328-9df13418161f-rainfall-t-86400-mm-qualified","2000-12-28T09:00:00","2000-12-28","0.5","Incomplete","Good",""
"http://environment.data.gov.uk/hydrology/id/measures/65ac333f-ab70-45e0-b328-9df13418161f-rainfall-t-86400-mm-qualified","2000-12-29T09:00:00","2000-12-29","0.0","Incomplete","Good",""
"http://environment.data.gov.uk/hydrology/id/measures/65ac333f-ab70-45e0-b328-9df13418161f-rainfall-t-86400-mm-qualified","2000-12-30T09:00:00","2000-12-30","0.0","Incomplete","Good",""
"http://environment.data.gov.uk/hydrology/id/measures/65ac333f-ab70-45e0-b328-9df13418161f-rainfall-t-86400-mm-qualified","2000-12-31T09:00:00","2000-12-31","2.5","Incomplete","Good",""
