measure ,dateTime,date,value,completeness,quality
http://environment.data.gov.uk/hydrology/id/measures/4fb67772-84c5-4ac7-876d-c814c7be0b16-rainfall-t-86400-mm-qualified,2000-06-21T09:00:00,21/06/2000,1.4,Incomplete,Good
http://environment.data.gov.uk/hydrology/id/measures/4fb67772-84c5-4ac7-876d-c814c7be0b16-rainfall-t-86400-mm-qualified,2000-06-22T09:00:00,22/06/2000,0.2,Incomplete,Good
http://environment.data.gov.uk/hydrology/id/measures/4fb67772-84c5-4ac7-876d-c814c7be0b16-rainfall-t-86400-mm-qualified,2000-06-23T09:00:00,23/06/2000,0.2,Incomplete,Good
http://environment.data.gov.uk/hydrology/id/measures/4fb67772-84c5-4ac7-876d-c814c7be0b16-rainfall-t-86400-mm-qualified,2000-06-24T09:00:00,24/06/2000,0,Incomplete,Good
http://environment.data.gov.uk/hydrology/id/measures/4fb67772-84c5-4ac7-876d-c814c7be0b16-rainfall-t-86400-mm-qualified,2000-06-25T09:00:00,25/06/2000,0,Incomplete,Good
http://environment.data.gov.uk/hydrology/id/measures/4fb67772-84c5-4ac7-876d-c814c7be0b16-rainfall-t-86400-mm-qualified,2000-06-26T09:00:00,26/06/2000,0,Incomplete,Good
http://environment.data.gov.uk/hydrology/id/measures/4fb67772-84c5-4ac7-876d-c814c7be0b16-rainfall-t-86400-mm-qualified,2000-06-27T09:00:00,27/06/2000,0,Incomplete,Good
http://environment.data.gov.uk/hydrology/id/measures/4fb67772-84c5-4ac7-876d-c814c7be0b16-rainfall-t-86400-mm-qualified,2000-06-28T09:00:00,28/06/2000,0,Incomplete,Good
http://environment.data.gov.uk/hydrology/id/measures/4fb67772-84c5-4ac7-876d-c814c7be0b16-rainfall-t-86400-mm-qualified,2000-06-29T09:00:00,29/06/2000,3.2,Incomplete,Good
http://environment.data.gov.uk/hydrology/id/measures/4fb67772-84c5-4ac7-876d-c814c7be0b16-rainfall-t-86400-mm-qualified,2000-06-30T09:00:00,30/06/2000,0,Incomplete,Good
http://environment.data.gov.uk/hydrology/id/measures/4fb67772-84c5-4ac7-876d-c814c7be0b16-rainfall-t-86400-mm-qualified,2000-07-01T09:00:00,01/07/2000,0.2,Incomplete,Good
http://environment.data.gov.uk/hydrology/id/measures/4fb67772-84c5-4ac7-876d-c814c7be0b16-rainfall-t-86400-mm-qualified,2000-07-02T09:00:00,02/07/2000,1.4,Incomplete,Good
http://environment.data.gov.uk/hydrology/id/measures/4fb67772-84c5-4ac7-876d-c814c7be0b16-rainfall-t-86400-mm-qualified,2000-07-03T09:00:00,03/07/2000,0.2,Incomplete,Good
http://environment.data.gov.uk/hydrology/id/measures/4fb67772-84c5-4ac7-876d-c814c7be0b16-rainfall-t-86400-mm-qualified,2000-07-04T09:00:00,04/07/2000,5.8,Incomplete,Good
http://environment.data.gov.uk/hydrology/id/measures/4fb67772-84c5-4ac7-876d-c814c7be0b16-rainfall-t-86400-mm-qualified,2000-07-05T09:00:00,05/07/2000,2,Incomplete,Good
http://environment.data.gov.uk/hydrology/id/measures/4fb67772-84c5-4ac7-876d-c814c7be0b16-rainfall-t-86400-mm-qualified,2000-07-06T09:00:00,06/07/2000,0,Incomplete,Good
http://environment.data.gov.uk/hydrology/id/measures/4fb67772-84c5-4ac7-876d-c814c7be0b16-rainfall-t-86400-mm-qualified,2000-07-07T09:00:00,07/07/2000,0,Incomplete,Good
http://environment.data.gov.uk/hydrology/id/measures/4fb67772-84c5-4ac7-876d-c814c7be0b16-rainfall-t-86400-mm-qualified,2000-07-08T09:00:00,08/07/2000,4,Incomplete,Good
http://environment.data.gov.uk/hydrology/id/measures/4fb67772-84c5-4ac7-876d-c814c7be0b16-rainfall-t-86400-mm-qualified,2000-07-09T09:00:00,09/07/2000,3.4,Incomplete,Good
http://environment.data.gov.uk/hydrology/id/measures/4fb67772-84c5-4ac7-876d-c814c7be0b16-rainfall-t-86400-mm-qualified,2000-07-10T09:00:00,10/07/2000,3.8,Incomplete,Good
http://environment.data.gov.uk/hydrology/id/measures/4fb67772-84c5-4ac7-876d-c814c7be0b16-rainfall-t-86400-mm-qualified,2000-07-11T09:00:00,11/07/2000,0.6,Incomplete,Good
http://environment.data.gov.uk/hydrology/id/measures/4fb67772-84c5-4ac7-876d-c814c7be0b16-rainfall-t-86400-mm-qualified,2000-07-12T09:00:00,12/07/2000,2.6,Incomplete,Good
http://environment.data.gov.uk/hydrology/id/measures/4fb67772-84c5-4ac7-876d-c814c7be0b16-rainfall-t-86400-mm-qualified,2000-07-13T09:00:00,13/07/2000,0.2,Incomplete,Good
http://environment.data.gov.uk/hydrology/id/measures/4fb67772-84c5-4ac7-876d-c814c7be0b16-rainfall-t-86400-mm-qualified,2000-07-14T09:00:00,14/07/2000,0.8,Incomplete,Good
http://environment.data.gov.uk/hydrology/id/measures/4fb67772-84c5-4ac7-876d-c814c7be0b16-rainfall-t-86400-mm-qualified,2000-07-15T09:00:00,15/07/2000,0,Incomplete,Good
http://environment.data.gov.uk/hydrology/id/measures/4fb67772-84c5-4ac7-876d-c814c7be0b16-rainfall-t-86400-mm-qualified,2000-07-16T09:00:00,16/07/2000,0,Incomplete,Good
http://environment.data.gov.uk/hydrology/id/measures/4fb67772-84c5-4ac7-876d-c814c7be0b16-rainfall-t-86400-mm-qualified,2000-07-17T09:00:00,17/07/2000,0,Incomplete,Good
http://environment.data.gov.uk/hydrology/id/measures/4fb67772-84c5-4ac7-876d-c814c7be0b16-rainfall-t-86400-mm-qualified,2000-07-18T09:00:00,18/07/2000,0,Incomplete,Good
http://environment.data.gov.uk/hydrology/id/measures/4fb67772-84c5-4ac7-876d-c814c7be0b16-rainfall-t-86400-mm-qualified,2000-07-19T09:00:00,19/07/2000,0,Incomplete,Good
http://environment.data.gov.uk/hydrology/id/measures/4fb67772-84c5-4ac7-876d-c814c7be0b16-rainfall-t-86400-mm-qualified,2000-07-20T09:00:00,20/07/2000,0,Incomplete,Good
http://environment.data.gov.uk/hydrology/id/measures/4fb67772-84c5-4ac7-876d-c814c7be0b16-rainfall-t-86400-mm-qualified,2000-07-21T09:00:00,21/07/2000,0,Incomplete,Good
http://environment.data.gov.uk/hydrology/id/measures/4fb67772-84c5-4ac7-876d-c814c7be0b16-rainfall-t-86400-mm-qualified,2000-07-22T09:00:00,22/07/2000,0,Incomplete,Good
http://environment.data.gov.uk/hydrology/id/measures/4fb67772-84c5-4ac7-876d-c814c7be0b16-rainfall-t-86400-mm-qualified,2000-07-23T09:00:00,23/07/2000,0,Incomplete,Good
http://environment.data.gov.uk/hydrology/id/measures/4fb67772-84c5-4ac7-876d-c814c7be0b16-rainfall-t-86400-mm-qualified,2000-07-24T09:00:00,24/07/2000,0,Incomplete,Good
http://environment.data.gov.uk/hydrology/id/measures/4fb67772-84c5-4ac7-876d-c814c7be0b16-rainfall-t-86400-mm-qualified,2000-07-25T09:00:00,25/07/2000,0,Incomplete,Good
http://environment.data.gov.uk/hydrology/id/measures/4fb67772-84c5-4ac7-876d-c814c7be0b16-rainfall-t-86400-mm-qualified,2000-07-26T09:00:00,26/07/2000,0,Incomplete,Good
http://environment.data.gov.uk/hydrology/id/measures/4fb67772-84c5-4ac7-876d-c814c7be0b16-rainfall-t-86400-mm-qualified,2000-07-27T09:00:00,27/07/2000,0.2,Incomplete,Good
http://environment.data.gov.uk/hydrology/id/measures/4fb67772-84c5-4ac7-876d-c814c7be0b16-rainfall-t-86400-mm-qualified,2000-07-28T09:00:00,28/07/2000,2.4,Incomplete,Good
http://environment.data.gov.uk/hydrology/id/measures/4fb67772-84c5-4ac7-876d-c814c7be0b16-rainfall-t-86400-mm-qualified,2000-07-29T09:00:00,29/07/2000,2.8,Incomplete,Good
http://environment.data.gov.uk/hydrology/id/measures/4fb67772-84c5-4ac7-876d-c814c7be0b16-rainfall-t-86400-mm-qualified,2000-07-30T09:00:00,30/07/2000,0,Incomplete,Good
http://environment.data.gov.uk/hydrology/id/measures/4fb67772-84c5-4ac7-876d-c814c7be0b16-rainfall-t-86400-mm-qualified,2000-07-31T09:00:00,31/07/2000,0,Incomplete,Good
http://environment.data.gov.uk/hydrology/id/measures/4fb67772-84c5-4ac7-876d-c814c7be0b16-rainfall-t-86400-mm-qualified,2000-08-01T09:00:00,01/08/2000,0,Incomplete,Good
http://environment.data.gov.uk/hydrology/id/measures/4fb67772-84c5-4ac7-876d-c814c7be0b16-rainfall-t-86400-mm-qualified,2000-08-02T09:00:00,02/08/2000,1.4,Incomplete,Good
http://environment.data.gov.uk/hydrology/id/measures/4fb67772-84c5-4ac7-876d-c814c7be0b16-rainfall-t-86400-mm-qualified,2000-08-03T09:00:00,03/08/2000,18,Incomplete,Good
http://environment.data.gov.uk/hydrology/id/measures/4fb67772-84c5-4ac7-876d-c814c7be0b16-rainfall-t-86400-mm-qualified,2000-08-04T09:00:00,04/08/2000,0,Incomplete,Good
http://environment.data.gov.uk/hydrology/id/measures/4fb67772-84c5-4ac7-876d-c814c7be0b16-rainfall-t-86400-mm-qualified,2000-08-05T09:00:00,05/08/2000,0,Incomplete,Good
http://environment.data.gov.uk/hydrology/id/measures/4fb67772-84c5-4ac7-876d-c814c7be0b16-rainfall-t-86400-mm-qualified,2000-08-06T09:00:00,06/08/2000,0,Incomplete,Good
http://environment.data.gov.uk/hydrology/id/measures/4fb67772-84c5-4ac7-876d-c814c7be0b16-rainfall-t-86400-mm-qualified,2000-08-07T09:00:00,07/08/2000,0,Incomplete,Good
http://environment.data.gov.uk/hydrology/id/measures/4fb67772-84c5-4ac7-876d-c814c7be0b16-rainfall-t-86400-mm-qualified,2000-08-08T09:00:00,08/08/2000,6.8,Incomplete,Good
http://environment.data.gov.uk/hydrology/id/measures/4fb67772-84c5-4ac7-876d-c814c7be0b16-rainfall-t-86400-mm-qualified,2000-08-09T09:00:00,09/08/2000,0,Incomplete,Good
http://environment.data.gov.uk/hydrology/id/measures/4fb67772-84c5-4ac7-876d-c814c7be0b16-rainfall-t-86400-mm-qualified,2000-08-10T09:00:00,10/08/2000,0,Incomplete,Good
http://environment.data.gov.uk/hydrology/id/measures/4fb67772-84c5-4ac7-876d-c814c7be0b16-rainfall-t-86400-mm-qualified,2000-08-11T09:00:00,11/08/2000,0,Incomplete,Good
http://environment.data.gov.uk/hydrology/id/measures/4fb67772-84c5-4ac7-876d-c814c7be0b16-rainfall-t-86400-mm-qualified,2000-08-12T09:00:00,12/08/2000,0,Incomplete,Good
http://environment.data.gov.uk/hydrology/id/measures/4fb67772-84c5-4ac7-876d-c814c7be0b16-rainfall-t-86400-mm-qualified,2000-08-13T09:00:00,13/08/2000,0,Incomplete,Good
http://environment.data.gov.uk/hydrology/id/measures/4fb67772-84c5-4ac7-876d-c814c7be0b16-rainfall-t-86400-mm-qualified,2000-08-14T09:00:00,14/08/2000,0.2,Incomplete,Good
http://environment.data.gov.uk/hydrology/id/measures/4fb67772-84c5-4ac7-876d-c814c7be0b16-rainfall-t-86400-mm-qualified,2000-08-15T09:00:00,15/08/2000,0,Incomplete,Good
http://environment.data.gov.uk/hydrology/id/measures/4fb67772-84c5-4ac7-876d-c814c7be0b16-rainfall-t-86400-mm-qualified,2000-08-16T09:00:00,16/08/2000,0,Incomplete,Good
http://environment.data.gov.uk/hydrology/id/measures/4fb67772-84c5-4ac7-876d-c814c7be0b16-rainfall-t-86400-mm-qualified,2000-08-17T09:00:00,17/08/2000,0,Incomplete,Good
http://environment.data.gov.uk/hydrology/id/measures/4fb67772-84c5-4ac7-876d-c814c7be0b16-rainfall-t-86400-mm-qualified,2000-08-18T09:00:00,18/08/2000,0.6,Incomplete,Good
http://environment.data.gov.uk/hydrology/id/measures/4fb67772-84c5-4ac7-876d-c814c7be0b16-rainfall-t-86400-mm-qualified,2000-08-19T09:00:00,19/08/2000,0,Incomplete,Good
http://environment.data.gov.uk/hydrology/id/measures/4fb67772-84c5-4ac7-876d-c814c7be0b16-rainfall-t-86400-mm-qualified,2000-08-20T09:00:00,20/08/2000,5.6,Incomplete,Good
http://environment.data.gov.uk/hydrology/id/measures/4fb67772-84c5-4ac7-876d-c814c7be0b16-rainfall-t-86400-mm-qualified,2000-08-21T09:00:00,21/08/2000,0,Incomplete,Good
http://environment.data.gov.uk/hydrology/id/measures/4fb67772-84c5-4ac7-876d-c814c7be0b16-rainfall-t-86400-mm-qualified,2000-08-22T09:00:00,22/08/2000,0,Incomplete,Good
http://environment.data.gov.uk/hydrology/id/measures/4fb67772-84c5-4ac7-876d-c814c7be0b16-rainfall-t-86400-mm-qualified,2000-08-23T09:00:00,23/08/2000,0,Incomplete,Good
http://environment.data.gov.uk/hydrology/id/measures/4fb67772-84c5-4ac7-876d-c814c7be0b16-rainfall-t-86400-mm-qualified,2000-08-24T09:00:00,24/08/2000,0,Incomplete,Good
http://environment.data.gov.uk/hydrology/id/measures/4fb67772-84c5-4ac7-876d-c814c7be0b16-rainfall-t-86400-mm-qualified,2000-08-25T09:00:00,25/08/2000,0,Incomplete,Good
http://environment.data.gov.uk/hydrology/id/measures/4fb67772-84c5-4ac7-876d-c814c7be0b16-rainfall-t-86400-mm-qualified,2000-08-26T09:00:00,26/08/2000,0,Incomplete,Good
http://environment.data.gov.uk/hydrology/id/measures/4fb67772-84c5-4ac7-876d-c814c7be0b16-rainfall-t-86400-mm-qualified,2000-08-27T09:00:00,27/08/2000,0,Incomplete,Good
http://environment.data.gov.uk/hydrology/id/measures/4fb67772-84c5-4ac7-876d-c814c7be0b16-rainfall-t-86400-mm-qualified,2000-08-28T09:00:00,28/08/2000,11,Incomplete,Good
http://environment.data.gov.uk/hydrology/id/measures/4fb67772-84c5-4ac7-876d-c814c7be0b16-rainfall-t-86400-mm-qualified,2000-08-29T09:00:00,29/08/2000,0,Incomplete,Good
http://environment.data.gov.uk/hydrology/id/measures/4fb67772-84c5-4ac7-876d-c814c7be0b16-rainfall-t-86400-mm-qualified,2000-08-30T09:00:00,30/08/2000,0.2,Incomplete,Good
http://environment.data.gov.uk/hydrology/id/measures/4fb67772-84c5-4ac7-876d-c814c7be0b16-rainfall-t-86400-mm-qualified,2000-08-31T09:00:00,31/08/2000,3.2,Incomplete,Good
http://environment.data.gov.uk/hydrology/id/measures/4fb67772-84c5-4ac7-876d-c814c7be0b16-rainfall-t-86400-mm-qualified,2000-09-01T09:00:00,01/09/2000,16,Incomplete,Good
http://environment.data.gov.uk/hydrology/id/measures/4fb67772-84c5-4ac7-876d-c814c7be0b16-rainfall-t-86400-mm-qualified,2000-09-02T09:00:00,02/09/2000,0.2,Incomplete,Good
http://environment.data.gov.uk/hydrology/id/measures/4fb67772-84c5-4ac7-876d-c814c7be0b16-rainfall-t-86400-mm-qualified,2000-09-03T09:00:00,03/09/2000,0,Incomplete,Good
http://environment.data.gov.uk/hydrology/id/measures/4fb67772-84c5-4ac7-876d-c814c7be0b16-rainfall-t-86400-mm-qualified,2000-09-04T09:00:00,04/09/2000,0,Incomplete,Good
http://environment.data.gov.uk/hydrology/id/measures/4fb67772-84c5-4ac7-876d-c814c7be0b16-rainfall-t-86400-mm-qualified,2000-09-05T09:00:00,05/09/2000,0.4,Incomplete,Good
http://environment.data.gov.uk/hydrology/id/measures/4fb67772-84c5-4ac7-876d-c814c7be0b16-rainfall-t-86400-mm-qualified,2000-09-06T09:00:00,06/09/2000,0,Incomplete,Good
http://environment.data.gov.uk/hydrology/id/measures/4fb67772-84c5-4ac7-876d-c814c7be0b16-rainfall-t-86400-mm-qualified,2000-09-07T09:00:00,07/09/2000,0,Incomplete,Good
http://environment.data.gov.uk/hydrology/id/measures/4fb67772-84c5-4ac7-876d-c814c7be0b16-rainfall-t-86400-mm-qualified,2000-09-08T09:00:00,08/09/2000,0.2,Incomplete,Good
http://environment.data.gov.uk/hydrology/id/measures/4fb67772-84c5-4ac7-876d-c814c7be0b16-rainfall-t-86400-mm-qualified,2000-09-09T09:00:00,09/09/2000,0.2,Incomplete,Good
http://environment.data.gov.uk/hydrology/id/measures/4fb67772-84c5-4ac7-876d-c814c7be0b16-rainfall-t-86400-mm-qualified,2000-09-10T09:00:00,10/09/2000,0,Incomplete,Good
http://environment.data.gov.uk/hydrology/id/measures/4fb67772-84c5-4ac7-876d-c814c7be0b16-rainfall-t-86400-mm-qualified,2000-09-11T09:00:00,11/09/2000,0,Incomplete,Good
http://environment.data.gov.uk/hydrology/id/measures/4fb67772-84c5-4ac7-876d-c814c7be0b16-rainfall-t-86400-mm-qualified,2000-09-12T09:00:00,12/09/2000,0,Incomplete,Good
http://environment.data.gov.uk/hydrology/id/measures/4fb67772-84c5-4ac7-876d-c814c7be0b16-rainfall-t-86400-mm-qualified,2000-09-13T09:00:00,13/09/2000,0,Incomplete,Good
http://environment.data.gov.uk/hydrology/id/measures/4fb67772-84c5-4ac7-876d-c814c7be0b16-rainfall-t-86400-mm-qualified,2000-09-14T09:00:00,14/09/2000,0,Incomplete,Good
http://environment.data.gov.uk/hydrology/id/measures/4fb67772-84c5-4ac7-876d-c814c7be0b16-rainfall-t-86400-mm-qualified,2000-09-15T09:00:00,15/09/2000,28.8,Incomplete,Good
http://environment.data.gov.uk/hydrology/id/measures/4fb67772-84c5-4ac7-876d-c814c7be0b16-rainfall-t-86400-mm-qualified,2000-09-16T09:00:00,16/09/2000,1.4,Incomplete,Good
http://environment.data.gov.uk/hydrology/id/measures/4fb67772-84c5-4ac7-876d-c814c7be0b16-rainfall-t-86400-mm-qualified,2000-09-17T09:00:00,17/09/2000,0,Incomplete,Good
http://environment.data.gov.uk/hydrology/id/measures/4fb67772-84c5-4ac7-876d-c814c7be0b16-rainfall-t-86400-mm-qualified,2000-09-18T09:00:00,18/09/2000,4.2,Incomplete,Good
http://environment.data.gov.uk/hydrology/id/measures/4fb67772-84c5-4ac7-876d-c814c7be0b16-rainfall-t-86400-mm-qualified,2000-09-19T09:00:00,19/09/2000,8,Incomplete,Good
http://environment.data.gov.uk/hydrology/id/measures/4fb67772-84c5-4ac7-876d-c814c7be0b16-rainfall-t-86400-mm-qualified,2000-09-20T09:00:00,20/09/2000,0.2,Incomplete,Good
http://environment.data.gov.uk/hydrology/id/measures/4fb67772-84c5-4ac7-876d-c814c7be0b16-rainfall-t-86400-mm-qualified,2000-09-21T09:00:00,21/09/2000,0.2,Incomplete,Good
http://environment.data.gov.uk/hydrology/id/measures/4fb67772-84c5-4ac7-876d-c814c7be0b16-rainfall-t-86400-mm-qualified,2000-09-22T09:00:00,22/09/2000,0.2,Incomplete,Good
http://environment.data.gov.uk/hydrology/id/measures/4fb67772-84c5-4ac7-876d-c814c7be0b16-rainfall-t-86400-mm-qualified,2000-09-23T09:00:00,23/09/2000,0,Incomplete,Good
http://environment.data.gov.uk/hydrology/id/measures/4fb67772-84c5-4ac7-876d-c814c7be0b16-rainfall-t-86400-mm-qualified,2000-09-24T09:00:00,24/09/2000,0.6,Incomplete,Good
http://environment.data.gov.uk/hydrology/id/measures/4fb67772-84c5-4ac7-876d-c814c7be0b16-rainfall-t-86400-mm-qualified,2000-09-25T09:00:00,25/09/2000,3.6,Incomplete,Good
http://environment.data.gov.uk/hydrology/id/measures/4fb67772-84c5-4ac7-876d-c814c7be0b16-rainfall-t-86400-mm-qualified,2000-09-26T09:00:00,26/09/2000,0.2,Incomplete,Good
http://environment.data.gov.uk/hydrology/id/measures/4fb67772-84c5-4ac7-876d-c814c7be0b16-rainfall-t-86400-mm-qualified,2000-09-27T09:00:00,27/09/2000,8.4,Incomplete,Good
http://environment.data.gov.uk/hydrology/id/measures/4fb67772-84c5-4ac7-876d-c814c7be0b16-rainfall-t-86400-mm-qualified,2000-09-28T09:00:00,28/09/2000,0,Incomplete,Good
http://environment.data.gov.uk/hydrology/id/measures/4fb67772-84c5-4ac7-876d-c814c7be0b16-rainfall-t-86400-mm-qualified,2000-09-29T09:00:00,29/09/2000,0.2,Incomplete,Good
http://environment.data.gov.uk/hydrology/id/measures/4fb67772-84c5-4ac7-876d-c814c7be0b16-rainfall-t-86400-mm-qualified,2000-09-30T09:00:00,30/09/2000,0,Incomplete,Good
http://environment.data.gov.uk/hydrology/id/measures/4fb67772-84c5-4ac7-876d-c814c7be0b16-rainfall-t-86400-mm-qualified,2000-10-01T09:00:00,01/10/2000,2.4,Incomplete,Good
http://environment.data.gov.uk/hydrology/id/measures/4fb67772-84c5-4ac7-876d-c814c7be0b16-rainfall-t-86400-mm-qualified,2000-10-02T09:00:00,02/10/2000,0.4,Incomplete,Good
http://environment.data.gov.uk/hydrology/id/measures/4fb67772-84c5-4ac7-876d-c814c7be0b16-rainfall-t-86400-mm-qualified,2000-10-03T09:00:00,03/10/2000,0,Incomplete,Good
http://environment.data.gov.uk/hydrology/id/measures/4fb67772-84c5-4ac7-876d-c814c7be0b16-rainfall-t-86400-mm-qualified,2000-10-04T09:00:00,04/10/2000,0.8,Incomplete,Good
http://environment.data.gov.uk/hydrology/id/measures/4fb67772-84c5-4ac7-876d-c814c7be0b16-rainfall-t-86400-mm-qualified,2000-10-05T09:00:00,05/10/2000,3.2,Incomplete,Good
http://environment.data.gov.uk/hydrology/id/measures/4fb67772-84c5-4ac7-876d-c814c7be0b16-rainfall-t-86400-mm-qualified,2000-10-06T09:00:00,06/10/2000,0,Incomplete,Good
http://environment.data.gov.uk/hydrology/id/measures/4fb67772-84c5-4ac7-876d-c814c7be0b16-rainfall-t-86400-mm-qualified,2000-10-07T09:00:00,07/10/2000,6,Incomplete,Good
http://environment.data.gov.uk/hydrology/id/measures/4fb67772-84c5-4ac7-876d-c814c7be0b16-rainfall-t-86400-mm-qualified,2000-10-08T09:00:00,08/10/2000,0.2,Incomplete,Good
http://environment.data.gov.uk/hydrology/id/measures/4fb67772-84c5-4ac7-876d-c814c7be0b16-rainfall-t-86400-mm-qualified,2000-10-09T09:00:00,09/10/2000,19.2,Incomplete,Good
http://environment.data.gov.uk/hydrology/id/measures/4fb67772-84c5-4ac7-876d-c814c7be0b16-rainfall-t-86400-mm-qualified,2000-10-10T09:00:00,10/10/2000,15,Incomplete,Good
http://environment.data.gov.uk/hydrology/id/measures/4fb67772-84c5-4ac7-876d-c814c7be0b16-rainfall-t-86400-mm-qualified,2000-10-11T09:00:00,11/10/2000,51.2,Incomplete,Good
http://environment.data.gov.uk/hydrology/id/measures/4fb67772-84c5-4ac7-876d-c814c7be0b16-rainfall-t-86400-mm-qualified,2000-10-12T09:00:00,12/10/2000,10.6,Incomplete,Good
http://environment.data.gov.uk/hydrology/id/measures/4fb67772-84c5-4ac7-876d-c814c7be0b16-rainfall-t-86400-mm-qualified,2000-10-13T09:00:00,13/10/2000,0.2,Incomplete,Good
http://environment.data.gov.uk/hydrology/id/measures/4fb67772-84c5-4ac7-876d-c814c7be0b16-rainfall-t-86400-mm-qualified,2000-10-14T09:00:00,14/10/2000,0,Incomplete,Good
http://environment.data.gov.uk/hydrology/id/measures/4fb67772-84c5-4ac7-876d-c814c7be0b16-rainfall-t-86400-mm-qualified,2000-10-15T09:00:00,15/10/2000,0.6,Incomplete,Good
http://environment.data.gov.uk/hydrology/id/measures/4fb67772-84c5-4ac7-876d-c814c7be0b16-rainfall-t-86400-mm-qualified,2000-10-16T09:00:00,16/10/2000,5.6,Incomplete,Good
http://environment.data.gov.uk/hydrology/id/measures/4fb67772-84c5-4ac7-876d-c814c7be0b16-rainfall-t-86400-mm-qualified,2000-10-17T09:00:00,17/10/2000,3.6,Incomplete,Good
http://environment.data.gov.uk/hydrology/id/measures/4fb67772-84c5-4ac7-876d-c814c7be0b16-rainfall-t-86400-mm-qualified,2000-10-18T09:00:00,18/10/2000,4.2,Incomplete,Good
http://environment.data.gov.uk/hydrology/id/measures/4fb67772-84c5-4ac7-876d-c814c7be0b16-rainfall-t-86400-mm-qualified,2000-10-19T09:00:00,19/10/2000,0.2,Incomplete,Good
http://environment.data.gov.uk/hydrology/id/measures/4fb67772-84c5-4ac7-876d-c814c7be0b16-rainfall-t-86400-mm-qualified,2000-10-20T09:00:00,20/10/2000,15.2,Incomplete,Good
http://environment.data.gov.uk/hydrology/id/measures/4fb67772-84c5-4ac7-876d-c814c7be0b16-rainfall-t-86400-mm-qualified,2000-10-21T09:00:00,21/10/2000,0.2,Incomplete,Good
http://environment.data.gov.uk/hydrology/id/measures/4fb67772-84c5-4ac7-876d-c814c7be0b16-rainfall-t-86400-mm-qualified,2000-10-22T09:00:00,22/10/2000,0.2,Incomplete,Good
http://environment.data.gov.uk/hydrology/id/measures/4fb67772-84c5-4ac7-876d-c814c7be0b16-rainfall-t-86400-mm-qualified,2000-10-23T09:00:00,23/10/2000,1.6,Incomplete,Good
http://environment.data.gov.uk/hydrology/id/measures/4fb67772-84c5-4ac7-876d-c814c7be0b16-rainfall-t-86400-mm-qualified,2000-10-24T09:00:00,24/10/2000,0.2,Incomplete,Good
http://environment.data.gov.uk/hydrology/id/measures/4fb67772-84c5-4ac7-876d-c814c7be0b16-rainfall-t-86400-mm-qualified,2000-10-25T09:00:00,25/10/2000,0,Incomplete,Good
http://environment.data.gov.uk/hydrology/id/measures/4fb67772-84c5-4ac7-876d-c814c7be0b16-rainfall-t-86400-mm-qualified,2000-10-26T09:00:00,26/10/2000,1.6,Incomplete,Good
http://environment.data.gov.uk/hydrology/id/measures/4fb67772-84c5-4ac7-876d-c814c7be0b16-rainfall-t-86400-mm-qualified,2000-10-27T09:00:00,27/10/2000,1.4,Incomplete,Good
http://environment.data.gov.uk/hydrology/id/measures/4fb67772-84c5-4ac7-876d-c814c7be0b16-rainfall-t-86400-mm-qualified,2000-10-28T09:00:00,28/10/2000,10.8,Incomplete,Good
http://environment.data.gov.uk/hydrology/id/measures/4fb67772-84c5-4ac7-876d-c814c7be0b16-rainfall-t-86400-mm-qualified,2000-10-29T09:00:00,29/10/2000,28.6,Incomplete,Good
http://environment.data.gov.uk/hydrology/id/measures/4fb67772-84c5-4ac7-876d-c814c7be0b16-rainfall-t-86400-mm-qualified,2000-10-30T09:00:00,30/10/2000,6.8,Incomplete,Good
http://environment.data.gov.uk/hydrology/id/measures/4fb67772-84c5-4ac7-876d-c814c7be0b16-rainfall-t-86400-mm-qualified,2000-10-31T09:00:00,31/10/2000,4,Incomplete,Good
http://environment.data.gov.uk/hydrology/id/measures/4fb67772-84c5-4ac7-876d-c814c7be0b16-rainfall-t-86400-mm-qualified,2000-11-01T09:00:00,01/11/2000,5,Incomplete,Good
http://environment.data.gov.uk/hydrology/id/measures/4fb67772-84c5-4ac7-876d-c814c7be0b16-rainfall-t-86400-mm-qualified,2000-11-02T09:00:00,02/11/2000,14,Incomplete,Good
http://environment.data.gov.uk/hydrology/id/measures/4fb67772-84c5-4ac7-876d-c814c7be0b16-rainfall-t-86400-mm-qualified,2000-11-03T09:00:00,03/11/2000,0,Incomplete,Good
http://environment.data.gov.uk/hydrology/id/measures/4fb67772-84c5-4ac7-876d-c814c7be0b16-rainfall-t-86400-mm-qualified,2000-11-04T09:00:00,04/11/2000,1.4,Incomplete,Good
http://environment.data.gov.uk/hydrology/id/measures/4fb67772-84c5-4ac7-876d-c814c7be0b16-rainfall-t-86400-mm-qualified,2000-11-05T09:00:00,05/11/2000,22.8,Incomplete,Good
http://environment.data.gov.uk/hydrology/id/measures/4fb67772-84c5-4ac7-876d-c814c7be0b16-rainfall-t-86400-mm-qualified,2000-11-06T09:00:00,06/11/2000,11.2,Incomplete,Good
http://environment.data.gov.uk/hydrology/id/measures/4fb67772-84c5-4ac7-876d-c814c7be0b16-rainfall-t-86400-mm-qualified,2000-11-07T09:00:00,07/11/2000,1.6,Incomplete,Good
http://environment.data.gov.uk/hydrology/id/measures/4fb67772-84c5-4ac7-876d-c814c7be0b16-rainfall-t-86400-mm-qualified,2000-11-08T09:00:00,08/11/2000,0,Incomplete,Good
http://environment.data.gov.uk/hydrology/id/measures/4fb67772-84c5-4ac7-876d-c814c7be0b16-rainfall-t-86400-mm-qualified,2000-11-09T09:00:00,09/11/2000,0,Incomplete,Good
http://environment.data.gov.uk/hydrology/id/measures/4fb67772-84c5-4ac7-876d-c814c7be0b16-rainfall-t-86400-mm-qualified,2000-11-10T09:00:00,10/11/2000,0.4,Incomplete,Good
http://environment.data.gov.uk/hydrology/id/measures/4fb67772-84c5-4ac7-876d-c814c7be0b16-rainfall-t-86400-mm-qualified,2000-11-11T09:00:00,11/11/2000,10.4,Incomplete,Good
http://environment.data.gov.uk/hydrology/id/measures/4fb67772-84c5-4ac7-876d-c814c7be0b16-rainfall-t-86400-mm-qualified,2000-11-12T09:00:00,12/11/2000,0.4,Incomplete,Good
http://environment.data.gov.uk/hydrology/id/measures/4fb67772-84c5-4ac7-876d-c814c7be0b16-rainfall-t-86400-mm-qualified,2000-11-13T09:00:00,13/11/2000,1.4,Incomplete,Good
http://environment.data.gov.uk/hydrology/id/measures/4fb67772-84c5-4ac7-876d-c814c7be0b16-rainfall-t-86400-mm-qualified,2000-11-14T09:00:00,14/11/2000,3.6,Incomplete,Good
http://environment.data.gov.uk/hydrology/id/measures/4fb67772-84c5-4ac7-876d-c814c7be0b16-rainfall-t-86400-mm-qualified,2000-11-15T09:00:00,15/11/2000,3.2,Incomplete,Good
http://environment.data.gov.uk/hydrology/id/measures/4fb67772-84c5-4ac7-876d-c814c7be0b16-rainfall-t-86400-mm-qualified,2000-11-16T09:00:00,16/11/2000,1.2,Incomplete,Good
http://environment.data.gov.uk/hydrology/id/measures/4fb67772-84c5-4ac7-876d-c814c7be0b16-rainfall-t-86400-mm-qualified,2000-11-17T09:00:00,17/11/2000,0,Incomplete,Good
http://environment.data.gov.uk/hydrology/id/measures/4fb67772-84c5-4ac7-876d-c814c7be0b16-rainfall-t-86400-mm-qualified,2000-11-18T09:00:00,18/11/2000,1.6,Incomplete,Good
http://environment.data.gov.uk/hydrology/id/measures/4fb67772-84c5-4ac7-876d-c814c7be0b16-rainfall-t-86400-mm-qualified,2000-11-19T09:00:00,19/11/2000,3.4,Incomplete,Good
http://environment.data.gov.uk/hydrology/id/measures/4fb67772-84c5-4ac7-876d-c814c7be0b16-rainfall-t-86400-mm-qualified,2000-11-20T09:00:00,20/11/2000,0.8,Incomplete,Good
http://environment.data.gov.uk/hydrology/id/measures/4fb67772-84c5-4ac7-876d-c814c7be0b16-rainfall-t-86400-mm-qualified,2000-11-21T09:00:00,21/11/2000,9,Incomplete,Good
http://environment.data.gov.uk/hydrology/id/measures/4fb67772-84c5-4ac7-876d-c814c7be0b16-rainfall-t-86400-mm-qualified,2000-11-22T09:00:00,22/11/2000,5.8,Incomplete,Good
http://environment.data.gov.uk/hydrology/id/measures/4fb67772-84c5-4ac7-876d-c814c7be0b16-rainfall-t-86400-mm-qualified,2000-11-23T09:00:00,23/11/2000,2,Incomplete,Good
http://environment.data.gov.uk/hydrology/id/measures/4fb67772-84c5-4ac7-876d-c814c7be0b16-rainfall-t-86400-mm-qualified,2000-11-24T09:00:00,24/11/2000,0.6,Incomplete,Good
http://environment.data.gov.uk/hydrology/id/measures/4fb67772-84c5-4ac7-876d-c814c7be0b16-rainfall-t-86400-mm-qualified,2000-11-25T09:00:00,25/11/2000,6.2,Incomplete,Good
http://environment.data.gov.uk/hydrology/id/measures/4fb67772-84c5-4ac7-876d-c814c7be0b16-rainfall-t-86400-mm-qualified,2000-11-26T09:00:00,26/11/2000,0,Incomplete,Good
http://environment.data.gov.uk/hydrology/id/measures/4fb67772-84c5-4ac7-876d-c814c7be0b16-rainfall-t-86400-mm-qualified,2000-11-27T09:00:00,27/11/2000,4.6,Incomplete,Good
http://environment.data.gov.uk/hydrology/id/measures/4fb67772-84c5-4ac7-876d-c814c7be0b16-rainfall-t-86400-mm-qualified,2000-11-28T09:00:00,28/11/2000,0,Incomplete,Good
http://environment.data.gov.uk/hydrology/id/measures/4fb67772-84c5-4ac7-876d-c814c7be0b16-rainfall-t-86400-mm-qualified,2000-11-29T09:00:00,29/11/2000,2.4,Incomplete,Good
http://environment.data.gov.uk/hydrology/id/measures/4fb67772-84c5-4ac7-876d-c814c7be0b16-rainfall-t-86400-mm-qualified,2000-11-30T09:00:00,30/11/2000,5.8,Incomplete,Good
http://environment.data.gov.uk/hydrology/id/measures/4fb67772-84c5-4ac7-876d-c814c7be0b16-rainfall-t-86400-mm-qualified,2000-12-01T09:00:00,01/12/2000,4,Incomplete,Good
http://environment.data.gov.uk/hydrology/id/measures/4fb67772-84c5-4ac7-876d-c814c7be0b16-rainfall-t-86400-mm-qualified,2000-12-02T09:00:00,02/12/2000,0,Incomplete,Good
http://environment.data.gov.uk/hydrology/id/measures/4fb67772-84c5-4ac7-876d-c814c7be0b16-rainfall-t-86400-mm-qualified,2000-12-03T09:00:00,03/12/2000,4.6,Incomplete,Good
http://environment.data.gov.uk/hydrology/id/measures/4fb67772-84c5-4ac7-876d-c814c7be0b16-rainfall-t-86400-mm-qualified,2000-12-04T09:00:00,04/12/2000,1.4,Incomplete,Good
http://environment.data.gov.uk/hydrology/id/measures/4fb67772-84c5-4ac7-876d-c814c7be0b16-rainfall-t-86400-mm-qualified,2000-12-05T09:00:00,05/12/2000,0.8,Incomplete,Good
http://environment.data.gov.uk/hydrology/id/measures/4fb67772-84c5-4ac7-876d-c814c7be0b16-rainfall-t-86400-mm-qualified,2000-12-06T09:00:00,06/12/2000,0.4,Incomplete,Good
http://environment.data.gov.uk/hydrology/id/measures/4fb67772-84c5-4ac7-876d-c814c7be0b16-rainfall-t-86400-mm-qualified,2000-12-07T09:00:00,07/12/2000,9,Incomplete,Good
http://environment.data.gov.uk/hydrology/id/measures/4fb67772-84c5-4ac7-876d-c814c7be0b16-rainfall-t-86400-mm-qualified,2000-12-08T09:00:00,08/12/2000,5.4,Incomplete,Good
http://environment.data.gov.uk/hydrology/id/measures/4fb67772-84c5-4ac7-876d-c814c7be0b16-rainfall-t-86400-mm-qualified,2000-12-09T09:00:00,09/12/2000,5,Incomplete,Good
http://environment.data.gov.uk/hydrology/id/measures/4fb67772-84c5-4ac7-876d-c814c7be0b16-rainfall-t-86400-mm-qualified,2000-12-10T09:00:00,10/12/2000,6.8,Incomplete,Good
http://environment.data.gov.uk/hydrology/id/measures/4fb67772-84c5-4ac7-876d-c814c7be0b16-rainfall-t-86400-mm-qualified,2000-12-11T09:00:00,11/12/2000,4.6,Incomplete,Good
http://environment.data.gov.uk/hydrology/id/measures/4fb67772-84c5-4ac7-876d-c814c7be0b16-rainfall-t-86400-mm-qualified,2000-12-12T09:00:00,12/12/2000,16.8,Incomplete,Good
http://environment.data.gov.uk/hydrology/id/measures/4fb67772-84c5-4ac7-876d-c814c7be0b16-rainfall-t-86400-mm-qualified,2000-12-13T09:00:00,13/12/2000,0.4,Incomplete,Good
http://environment.data.gov.uk/hydrology/id/measures/4fb67772-84c5-4ac7-876d-c814c7be0b16-rainfall-t-86400-mm-qualified,2000-12-14T09:00:00,14/12/2000,0.2,Incomplete,Good
http://environment.data.gov.uk/hydrology/id/measures/4fb67772-84c5-4ac7-876d-c814c7be0b16-rainfall-t-86400-mm-qualified,2000-12-15T09:00:00,15/12/2000,0,Incomplete,Good
http://environment.data.gov.uk/hydrology/id/measures/4fb67772-84c5-4ac7-876d-c814c7be0b16-rainfall-t-86400-mm-qualified,2000-12-16T09:00:00,16/12/2000,0,Incomplete,Good
http://environment.data.gov.uk/hydrology/id/measures/4fb67772-84c5-4ac7-876d-c814c7be0b16-rainfall-t-86400-mm-qualified,2000-12-17T09:00:00,17/12/2000,0,Incomplete,Good
http://environment.data.gov.uk/hydrology/id/measures/4fb67772-84c5-4ac7-876d-c814c7be0b16-rainfall-t-86400-mm-qualified,2000-12-18T09:00:00,18/12/2000,2.8,Incomplete,Good
http://environment.data.gov.uk/hydrology/id/measures/4fb67772-84c5-4ac7-876d-c814c7be0b16-rainfall-t-86400-mm-qualified,2000-12-19T09:00:00,19/12/2000,0,Incomplete,Good
http://environment.data.gov.uk/hydrology/id/measures/4fb67772-84c5-4ac7-876d-c814c7be0b16-rainfall-t-86400-mm-qualified,2000-12-20T09:00:00,20/12/2000,0,Incomplete,Good
http://environment.data.gov.uk/hydrology/id/measures/4fb67772-84c5-4ac7-876d-c814c7be0b16-rainfall-t-86400-mm-qualified,2000-12-21T09:00:00,21/12/2000,0.2,Incomplete,Good
http://environment.data.gov.uk/hydrology/id/measures/4fb67772-84c5-4ac7-876d-c814c7be0b16-rainfall-t-86400-mm-qualified,2000-12-22T09:00:00,22/12/2000,0,Incomplete,Good
http://environment.data.gov.uk/hydrology/id/measures/4fb67772-84c5-4ac7-876d-c814c7be0b16-rainfall-t-86400-mm-qualified,2000-12-23T09:00:00,23/12/2000,2.4,Incomplete,Good
http://environment.data.gov.uk/hydrology/id/measures/4fb67772-84c5-4ac7-876d-c814c7be0b16-rainfall-t-86400-mm-qualified,2000-12-24T09:00:00,24/12/2000,9.4,Incomplete,Good
http://environment.data.gov.uk/hydrology/id/measures/4fb67772-84c5-4ac7-876d-c814c7be0b16-rainfall-t-86400-mm-qualified,2000-12-25T09:00:00,25/12/2000,0.2,Incomplete,Good
http://environment.data.gov.uk/hydrology/id/measures/4fb67772-84c5-4ac7-876d-c814c7be0b16-rainfall-t-86400-mm-qualified,2000-12-26T09:00:00,26/12/2000,0,Incomplete,Good
http://environment.data.gov.uk/hydrology/id/measures/4fb67772-84c5-4ac7-876d-c814c7be0b16-rainfall-t-86400-mm-qualified,2000-12-27T09:00:00,27/12/2000,0,Incomplete,Good
http://environment.data.gov.uk/hydrology/id/measures/4fb67772-84c5-4ac7-876d-c814c7be0b16-rainfall-t-86400-mm-qualified,2000-12-28T09:00:00,28/12/2000,2.2,Incomplete,Good
http://environment.data.gov.uk/hydrology/id/measures/4fb67772-84c5-4ac7-876d-c814c7be0b16-rainfall-t-86400-mm-qualified,2000-12-29T09:00:00,29/12/2000,0.2,Incomplete,Good
http://environment.data.gov.uk/hydrology/id/measures/4fb67772-84c5-4ac7-876d-c814c7be0b16-rainfall-t-86400-mm-qualified,2000-12-30T09:00:00,30/12/2000,0,Incomplete,Good
http://environment.data.gov.uk/hydrology/id/measures/4fb67772-84c5-4ac7-876d-c814c7be0b16-rainfall-t-86400-mm-qualified,2000-12-31T09:00:00,31/12/2000,5,Incomplete,Good
