"measure","dateTime","date","value","completeness","quality","qcode"
"http://environment.data.gov.uk/hydrology/id/measures/c0d52925-b2bd-4ccd-9538-411b7871e984-rainfall-t-86400-mm-qualified","2000-01-01T09:00:00","2000-01-01","0.0","Incomplete","Good",""
"http://environment.data.gov.uk/hydrology/id/measures/c0d52925-b2bd-4ccd-9538-411b7871e984-rainfall-t-86400-mm-qualified","2000-01-02T09:00:00","2000-01-02","0.0","Incomplete","Good",""
"http://environment.data.gov.uk/hydrology/id/measures/c0d52925-b2bd-4ccd-9538-411b7871e984-rainfall-t-86400-mm-qualified","2000-01-03T09:00:00","2000-01-03","9.8","Incomplete","Good",""
"http://environment.data.gov.uk/hydrology/id/measures/c0d52925-b2bd-4ccd-9538-411b7871e984-rainfall-t-86400-mm-qualified","2000-01-04T09:00:00","2000-01-04","0.6","Incomplete","Good",""
"http://environment.data.gov.uk/hydrology/id/measures/c0d52925-b2bd-4ccd-9538-411b7871e984-rainfall-t-86400-mm-qualified","2000-01-05T09:00:00","2000-01-05","0.0","Incomplete","Good",""
"http://environment.data.gov.uk/hydrology/id/measures/c0d52925-b2bd-4ccd-9538-411b7871e984-rainfall-t-86400-mm-qualified","2000-01-06T09:00:00","2000-01-06","0.0","Incomplete","Good",""
"http://environment.data.gov.uk/hydrology/id/measures/c0d52925-b2bd-4ccd-9538-411b7871e984-rainfall-t-86400-mm-qualified","2000-01-07T09:00:00","2000-01-07","1.4","Incomplete","Good",""
"http://environment.data.gov.uk/hydrology/id/measures/c0d52925-b2bd-4ccd-9538-411b7871e984-rainfall-t-86400-mm-qualified","2000-01-08T09:00:00","2000-01-08","0.0","Incomplete","Good",""
"http://environment.data.gov.uk/hydrology/id/measures/c0d52925-b2bd-4ccd-9538-411b7871e984-rainfall-t-86400-mm-qualified","2000-01-09T09:00:00","2000-01-09","0.0","Incomplete","Good",""
"http://environment.data.gov.uk/hydrology/id/measures/c0d52925-b2bd-4ccd-9538-411b7871e984-rainfall-t-86400-mm-qualified","2000-01-10T09:00:00","2000-01-10","0.2","Incomplete","Good",""
"http://environment.data.gov.uk/hydrology/id/measures/c0d52925-b2bd-4ccd-9538-411b7871e984-rainfall-t-86400-mm-qualified","2000-01-11T09:00:00","2000-01-11","0.0","Incomplete","Good",""
"http://environment.data.gov.uk/hydrology/id/measures/c0d52925-b2bd-4ccd-9538-411b7871e984-rainfall-t-86400-mm-qualified","2000-01-12T09:00:00","2000-01-12","3.0","Incomplete","Good",""
"http://environment.data.gov.uk/hydrology/id/measures/c0d52925-b2bd-4ccd-9538-411b7871e984-rainfall-t-86400-mm-qualified","2000-01-13T09:00:00","2000-01-13","1.0","Incomplete","Good",""
"http://environment.data.gov.uk/hydrology/id/measures/c0d52925-b2bd-4ccd-9538-411b7871e984-rainfall-t-86400-mm-qualified","2000-01-14T09:00:00","2000-01-14","0.8","Incomplete","Good",""
"http://environment.data.gov.uk/hydrology/id/measures/c0d52925-b2bd-4ccd-9538-411b7871e984-rainfall-t-86400-mm-qualified","2000-01-15T09:00:00","2000-01-15","0.0","Incomplete","Good",""
"http://environment.data.gov.uk/hydrology/id/measures/c0d52925-b2bd-4ccd-9538-411b7871e984-rainfall-t-86400-mm-qualified","2000-01-16T09:00:00","2000-01-16","0.2","Incomplete","Good",""
"http://environment.data.gov.uk/hydrology/id/measures/c0d52925-b2bd-4ccd-9538-411b7871e984-rainfall-t-86400-mm-qualified","2000-01-17T09:00:00","2000-01-17","0.0","Incomplete","Good",""
"http://environment.data.gov.uk/hydrology/id/measures/c0d52925-b2bd-4ccd-9538-411b7871e984-rainfall-t-86400-mm-qualified","2000-01-18T09:00:00","2000-01-18","0.0","Incomplete","Good",""
"http://environment.data.gov.uk/hydrology/id/measures/c0d52925-b2bd-4ccd-9538-411b7871e984-rainfall-t-86400-mm-qualified","2000-01-19T09:00:00","2000-01-19","0.6","Incomplete","Good",""
"http://environment.data.gov.uk/hydrology/id/measures/c0d52925-b2bd-4ccd-9538-411b7871e984-rainfall-t-86400-mm-qualified","2000-01-20T09:00:00","2000-01-20","","Incomplete","Missing",""
"http://environment.data.gov.uk/hydrology/id/measures/c0d52925-b2bd-4ccd-9538-411b7871e984-rainfall-t-86400-mm-qualified","2000-01-21T09:00:00","2000-01-21","","Incomplete","Missing",""
"http://environment.data.gov.uk/hydrology/id/measures/c0d52925-b2bd-4ccd-9538-411b7871e984-rainfall-t-86400-mm-qualified","2000-01-22T09:00:00","2000-01-22","","Incomplete","Missing",""
"http://environment.data.gov.uk/hydrology/id/measures/c0d52925-b2bd-4ccd-9538-411b7871e984-rainfall-t-86400-mm-qualified","2000-01-23T09:00:00","2000-01-23","","Incomplete","Missing",""
"http://environment.data.gov.uk/hydrology/id/measures/c0d52925-b2bd-4ccd-9538-411b7871e984-rainfall-t-86400-mm-qualified","2000-01-24T09:00:00","2000-01-24","","Incomplete","Missing",""
"http://environment.data.gov.uk/hydrology/id/measures/c0d52925-b2bd-4ccd-9538-411b7871e984-rainfall-t-86400-mm-qualified","2000-01-25T09:00:00","2000-01-25","","Incomplete","Missing",""
"http://environment.data.gov.uk/hydrology/id/measures/c0d52925-b2bd-4ccd-9538-411b7871e984-rainfall-t-86400-mm-qualified","2000-01-26T09:00:00","2000-01-26","","Incomplete","Missing",""
"http://environment.data.gov.uk/hydrology/id/measures/c0d52925-b2bd-4ccd-9538-411b7871e984-rainfall-t-86400-mm-qualified","2000-01-27T09:00:00","2000-01-27","","Incomplete","Missing",""
"http://environment.data.gov.uk/hydrology/id/measures/c0d52925-b2bd-4ccd-9538-411b7871e984-rainfall-t-86400-mm-qualified","2000-01-28T09:00:00","2000-01-28","","Incomplete","Missing",""
"http://environment.data.gov.uk/hydrology/id/measures/c0d52925-b2bd-4ccd-9538-411b7871e984-rainfall-t-86400-mm-qualified","2000-01-29T09:00:00","2000-01-29","","Incomplete","Missing",""
"http://environment.data.gov.uk/hydrology/id/measures/c0d52925-b2bd-4ccd-9538-411b7871e984-rainfall-t-86400-mm-qualified","2000-01-30T09:00:00","2000-01-30","","Incomplete","Missing",""
"http://environment.data.gov.uk/hydrology/id/measures/c0d52925-b2bd-4ccd-9538-411b7871e984-rainfall-t-86400-mm-qualified","2000-01-31T09:00:00","2000-01-31","2.6","Incomplete","Good",""
"http://environment.data.gov.uk/hydrology/id/measures/c0d52925-b2bd-4ccd-9538-411b7871e984-rainfall-t-86400-mm-qualified","2000-02-01T09:00:00","2000-02-01","9.0","Incomplete","Good",""
"http://environment.data.gov.uk/hydrology/id/measures/c0d52925-b2bd-4ccd-9538-411b7871e984-rainfall-t-86400-mm-qualified","2000-02-02T09:00:00","2000-02-02","0.0","Incomplete","Estimated",""
"http://environment.data.gov.uk/hydrology/id/measures/c0d52925-b2bd-4ccd-9538-411b7871e984-rainfall-t-86400-mm-qualified","2000-02-03T09:00:00","2000-02-03","","Incomplete","Missing",""
"http://environment.data.gov.uk/hydrology/id/measures/c0d52925-b2bd-4ccd-9538-411b7871e984-rainfall-t-86400-mm-qualified","2000-02-04T09:00:00","2000-02-04","","Incomplete","Missing",""
"http://environment.data.gov.uk/hydrology/id/measures/c0d52925-b2bd-4ccd-9538-411b7871e984-rainfall-t-86400-mm-qualified","2000-02-05T09:00:00","2000-02-05","","Incomplete","Missing",""
"http://environment.data.gov.uk/hydrology/id/measures/c0d52925-b2bd-4ccd-9538-411b7871e984-rainfall-t-86400-mm-qualified","2000-02-06T09:00:00","2000-02-06","","Incomplete","Missing",""
"http://environment.data.gov.uk/hydrology/id/measures/c0d52925-b2bd-4ccd-9538-411b7871e984-rainfall-t-86400-mm-qualified","2000-02-07T09:00:00","2000-02-07","","Incomplete","Missing",""
"http://environment.data.gov.uk/hydrology/id/measures/c0d52925-b2bd-4ccd-9538-411b7871e984-rainfall-t-86400-mm-qualified","2000-02-08T09:00:00","2000-02-08","2.8","Incomplete","Good",""
"http://environment.data.gov.uk/hydrology/id/measures/c0d52925-b2bd-4ccd-9538-411b7871e984-rainfall-t-86400-mm-qualified","2000-02-09T09:00:00","2000-02-09","0.2","Incomplete","Good",""
"http://environment.data.gov.uk/hydrology/id/measures/c0d52925-b2bd-4ccd-9538-411b7871e984-rainfall-t-86400-mm-qualified","2000-02-10T09:00:00","2000-02-10","2.6","Incomplete","Good",""
"http://environment.data.gov.uk/hydrology/id/measures/c0d52925-b2bd-4ccd-9538-411b7871e984-rainfall-t-86400-mm-qualified","2000-02-11T09:00:00","2000-02-11","1.2","Incomplete","Good",""
"http://environment.data.gov.uk/hydrology/id/measures/c0d52925-b2bd-4ccd-9538-411b7871e984-rainfall-t-86400-mm-qualified","2000-02-12T09:00:00","2000-02-12","0.2","Incomplete","Good",""
"http://environment.data.gov.uk/hydrology/id/measures/c0d52925-b2bd-4ccd-9538-411b7871e984-rainfall-t-86400-mm-qualified","2000-02-13T09:00:00","2000-02-13","0.0","Incomplete","Good",""
"http://environment.data.gov.uk/hydrology/id/measures/c0d52925-b2bd-4ccd-9538-411b7871e984-rainfall-t-86400-mm-qualified","2000-02-14T09:00:00","2000-02-14","3.8","Incomplete","Good",""
"http://environment.data.gov.uk/hydrology/id/measures/c0d52925-b2bd-4ccd-9538-411b7871e984-rainfall-t-86400-mm-qualified","2000-02-15T09:00:00","2000-02-15","3.6","Incomplete","Good",""
"http://environment.data.gov.uk/hydrology/id/measures/c0d52925-b2bd-4ccd-9538-411b7871e984-rainfall-t-86400-mm-qualified","2000-02-16T09:00:00","2000-02-16","0.2","Incomplete","Good",""
"http://environment.data.gov.uk/hydrology/id/measures/c0d52925-b2bd-4ccd-9538-411b7871e984-rainfall-t-86400-mm-qualified","2000-02-17T09:00:00","2000-02-17","2.2","Incomplete","Good",""
"http://environment.data.gov.uk/hydrology/id/measures/c0d52925-b2bd-4ccd-9538-411b7871e984-rainfall-t-86400-mm-qualified","2000-02-18T09:00:00","2000-02-18","3.4","Incomplete","Good",""
"http://environment.data.gov.uk/hydrology/id/measures/c0d52925-b2bd-4ccd-9538-411b7871e984-rainfall-t-86400-mm-qualified","2000-02-19T09:00:00","2000-02-19","0.0","Incomplete","Good",""
"http://environment.data.gov.uk/hydrology/id/measures/c0d52925-b2bd-4ccd-9538-411b7871e984-rainfall-t-86400-mm-qualified","2000-02-20T09:00:00","2000-02-20","2.2","Incomplete","Good",""
"http://environment.data.gov.uk/hydrology/id/measures/c0d52925-b2bd-4ccd-9538-411b7871e984-rainfall-t-86400-mm-qualified","2000-02-21T09:00:00","2000-02-21","0.0","Incomplete","Good",""
"http://environment.data.gov.uk/hydrology/id/measures/c0d52925-b2bd-4ccd-9538-411b7871e984-rainfall-t-86400-mm-qualified","2000-02-22T09:00:00","2000-02-22","0.4","Incomplete","Good",""
"http://environment.data.gov.uk/hydrology/id/measures/c0d52925-b2bd-4ccd-9538-411b7871e984-rainfall-t-86400-mm-qualified","2000-02-23T09:00:00","2000-02-23","0.0","Incomplete","Good",""
"http://environment.data.gov.uk/hydrology/id/measures/c0d52925-b2bd-4ccd-9538-411b7871e984-rainfall-t-86400-mm-qualified","2000-02-24T09:00:00","2000-02-24","9.0","Incomplete","Good",""
"http://environment.data.gov.uk/hydrology/id/measures/c0d52925-b2bd-4ccd-9538-411b7871e984-rainfall-t-86400-mm-qualified","2000-02-25T09:00:00","2000-02-25","0.0","Incomplete","Good",""
"http://environment.data.gov.uk/hydrology/id/measures/c0d52925-b2bd-4ccd-9538-411b7871e984-rainfall-t-86400-mm-qualified","2000-02-26T09:00:00","2000-02-26","0.0","Incomplete","Good",""
"http://environment.data.gov.uk/hydrology/id/measures/c0d52925-b2bd-4ccd-9538-411b7871e984-rainfall-t-86400-mm-qualified","2000-02-27T09:00:00","2000-02-27","7.0","Incomplete","Good",""
"http://environment.data.gov.uk/hydrology/id/measures/c0d52925-b2bd-4ccd-9538-411b7871e984-rainfall-t-86400-mm-qualified","2000-02-28T09:00:00","2000-02-28","1.0","Incomplete","Good",""
"http://environment.data.gov.uk/hydrology/id/measures/c0d52925-b2bd-4ccd-9538-411b7871e984-rainfall-t-86400-mm-qualified","2000-02-29T09:00:00","2000-02-29","3.8","Incomplete","Good",""
"http://environment.data.gov.uk/hydrology/id/measures/c0d52925-b2bd-4ccd-9538-411b7871e984-rainfall-t-86400-mm-qualified","2000-03-01T09:00:00","2000-03-01","0.2","Incomplete","Good",""
"http://environment.data.gov.uk/hydrology/id/measures/c0d52925-b2bd-4ccd-9538-411b7871e984-rainfall-t-86400-mm-qualified","2000-03-02T09:00:00","2000-03-02","5.4","Incomplete","Good",""
"http://environment.data.gov.uk/hydrology/id/measures/c0d52925-b2bd-4ccd-9538-411b7871e984-rainfall-t-86400-mm-qualified","2000-03-03T09:00:00","2000-03-03","1.0","Incomplete","Good",""
"http://environment.data.gov.uk/hydrology/id/measures/c0d52925-b2bd-4ccd-9538-411b7871e984-rainfall-t-86400-mm-qualified","2000-03-04T09:00:00","2000-03-04","0.0","Incomplete","Good",""
"http://environment.data.gov.uk/hydrology/id/measures/c0d52925-b2bd-4ccd-9538-411b7871e984-rainfall-t-86400-mm-qualified","2000-03-05T09:00:00","2000-03-05","0.0","Incomplete","Good",""
"http://environment.data.gov.uk/hydrology/id/measures/c0d52925-b2bd-4ccd-9538-411b7871e984-rainfall-t-86400-mm-qualified","2000-03-06T09:00:00","2000-03-06","0.0","Incomplete","Good",""
"http://environment.data.gov.uk/hydrology/id/measures/c0d52925-b2bd-4ccd-9538-411b7871e984-rainfall-t-86400-mm-qualified","2000-03-07T09:00:00","2000-03-07","0.2","Incomplete","Good",""
"http://environment.data.gov.uk/hydrology/id/measures/c0d52925-b2bd-4ccd-9538-411b7871e984-rainfall-t-86400-mm-qualified","2000-03-08T09:00:00","2000-03-08","0.0","Incomplete","Good",""
"http://environment.data.gov.uk/hydrology/id/measures/c0d52925-b2bd-4ccd-9538-411b7871e984-rainfall-t-86400-mm-qualified","2000-03-09T09:00:00","2000-03-09","0.2","Incomplete","Good",""
"http://environment.data.gov.uk/hydrology/id/measures/c0d52925-b2bd-4ccd-9538-411b7871e984-rainfall-t-86400-mm-qualified","2000-03-10T09:00:00","2000-03-10","0.4","Incomplete","Good",""
"http://environment.data.gov.uk/hydrology/id/measures/c0d52925-b2bd-4ccd-9538-411b7871e984-rainfall-t-86400-mm-qualified","2000-03-11T09:00:00","2000-03-11","0.0","Incomplete","Good",""
"http://environment.data.gov.uk/hydrology/id/measures/c0d52925-b2bd-4ccd-9538-411b7871e984-rainfall-t-86400-mm-qualified","2000-03-12T09:00:00","2000-03-12","0.0","Incomplete","Good",""
"http://environment.data.gov.uk/hydrology/id/measures/c0d52925-b2bd-4ccd-9538-411b7871e984-rainfall-t-86400-mm-qualified","2000-03-13T09:00:00","2000-03-13","0.0","Incomplete","Good",""
"http://environment.data.gov.uk/hydrology/id/measures/c0d52925-b2bd-4ccd-9538-411b7871e984-rainfall-t-86400-mm-qualified","2000-03-14T09:00:00","2000-03-14","0.2","Incomplete","Good",""
"http://environment.data.gov.uk/hydrology/id/measures/c0d52925-b2bd-4ccd-9538-411b7871e984-rainfall-t-86400-mm-qualified","2000-03-15T09:00:00","2000-03-15","0.0","Incomplete","Good",""
"http://environment.data.gov.uk/hydrology/id/measures/c0d52925-b2bd-4ccd-9538-411b7871e984-rainfall-t-86400-mm-qualified","2000-03-16T09:00:00","2000-03-16","0.0","Incomplete","Good",""
"http://environment.data.gov.uk/hydrology/id/measures/c0d52925-b2bd-4ccd-9538-411b7871e984-rainfall-t-86400-mm-qualified","2000-03-17T09:00:00","2000-03-17","0.0","Incomplete","Good",""
"http://environment.data.gov.uk/hydrology/id/measures/c0d52925-b2bd-4ccd-9538-411b7871e984-rainfall-t-86400-mm-qualified","2000-03-18T09:00:00","2000-03-18","0.0","Incomplete","Good",""
"http://environment.data.gov.uk/hydrology/id/measures/c0d52925-b2bd-4ccd-9538-411b7871e984-rainfall-t-86400-mm-qualified","2000-03-19T09:00:00","2000-03-19","0.0","Incomplete","Good",""
"http://environment.data.gov.uk/hydrology/id/measures/c0d52925-b2bd-4ccd-9538-411b7871e984-rainfall-t-86400-mm-qualified","2000-03-20T09:00:00","2000-03-20","0.0","Incomplete","Good",""
"http://environment.data.gov.uk/hydrology/id/measures/c0d52925-b2bd-4ccd-9538-411b7871e984-rainfall-t-86400-mm-qualified","2000-03-21T09:00:00","2000-03-21","0.2","Incomplete","Good",""
"http://environment.data.gov.uk/hydrology/id/measures/c0d52925-b2bd-4ccd-9538-411b7871e984-rainfall-t-86400-mm-qualified","2000-03-22T09:00:00","2000-03-22","0.0","Incomplete","Good",""
"http://environment.data.gov.uk/hydrology/id/measures/c0d52925-b2bd-4ccd-9538-411b7871e984-rainfall-t-86400-mm-qualified","2000-03-23T09:00:00","2000-03-23","3.6","Incomplete","Good",""
"http://environment.data.gov.uk/hydrology/id/measures/c0d52925-b2bd-4ccd-9538-411b7871e984-rainfall-t-86400-mm-qualified","2000-03-24T09:00:00","2000-03-24","0.0","Incomplete","Good",""
"http://environment.data.gov.uk/hydrology/id/measures/c0d52925-b2bd-4ccd-9538-411b7871e984-rainfall-t-86400-mm-qualified","2000-03-25T09:00:00","2000-03-25","3.2","Incomplete","Good",""
"http://environment.data.gov.uk/hydrology/id/measures/c0d52925-b2bd-4ccd-9538-411b7871e984-rainfall-t-86400-mm-qualified","2000-03-26T09:00:00","2000-03-26","0.8","Incomplete","Good",""
"http://environment.data.gov.uk/hydrology/id/measures/c0d52925-b2bd-4ccd-9538-411b7871e984-rainfall-t-86400-mm-qualified","2000-03-27T09:00:00","2000-03-27","2.2","Incomplete","Good",""
"http://environment.data.gov.uk/hydrology/id/measures/c0d52925-b2bd-4ccd-9538-411b7871e984-rainfall-t-86400-mm-qualified","2000-03-28T09:00:00","2000-03-28","0.6","Incomplete","Good",""
"http://environment.data.gov.uk/hydrology/id/measures/c0d52925-b2bd-4ccd-9538-411b7871e984-rainfall-t-86400-mm-qualified","2000-03-29T09:00:00","2000-03-29","0.0","Incomplete","Good",""
"http://environment.data.gov.uk/hydrology/id/measures/c0d52925-b2bd-4ccd-9538-411b7871e984-rainfall-t-86400-mm-qualified","2000-03-30T09:00:00","2000-03-30","0.0","Incomplete","Good",""
"http://environment.data.gov.uk/hydrology/id/measures/c0d52925-b2bd-4ccd-9538-411b7871e984-rainfall-t-86400-mm-qualified","2000-03-31T09:00:00","2000-03-31","0.0","Incomplete","Good",""
"http://environment.data.gov.uk/hydrology/id/measures/c0d52925-b2bd-4ccd-9538-411b7871e984-rainfall-t-86400-mm-qualified","2000-04-01T09:00:00","2000-04-01","2.0","Incomplete","Good",""
"http://environment.data.gov.uk/hydrology/id/measures/c0d52925-b2bd-4ccd-9538-411b7871e984-rainfall-t-86400-mm-qualified","2000-04-02T09:00:00","2000-04-02","4.2","Incomplete","Good",""
"http://environment.data.gov.uk/hydrology/id/measures/c0d52925-b2bd-4ccd-9538-411b7871e984-rainfall-t-86400-mm-qualified","2000-04-03T09:00:00","2000-04-03","7.8","Incomplete","Good",""
"http://environment.data.gov.uk/hydrology/id/measures/c0d52925-b2bd-4ccd-9538-411b7871e984-rainfall-t-86400-mm-qualified","2000-04-04T09:00:00","2000-04-04","7.2","Incomplete","Good",""
"http://environment.data.gov.uk/hydrology/id/measures/c0d52925-b2bd-4ccd-9538-411b7871e984-rainfall-t-86400-mm-qualified","2000-04-05T09:00:00","2000-04-05","0.0","Incomplete","Good",""
"http://environment.data.gov.uk/hydrology/id/measures/c0d52925-b2bd-4ccd-9538-411b7871e984-rainfall-t-86400-mm-qualified","2000-04-06T09:00:00","2000-04-06","0.0","Incomplete","Good",""
"http://environment.data.gov.uk/hydrology/id/measures/c0d52925-b2bd-4ccd-9538-411b7871e984-rainfall-t-86400-mm-qualified","2000-04-07T09:00:00","2000-04-07","0.0","Incomplete","Good",""
"http://environment.data.gov.uk/hydrology/id/measures/c0d52925-b2bd-4ccd-9538-411b7871e984-rainfall-t-86400-mm-qualified","2000-04-08T09:00:00","2000-04-08","1.2","Incomplete","Good",""
"http://environment.data.gov.uk/hydrology/id/measures/c0d52925-b2bd-4ccd-9538-411b7871e984-rainfall-t-86400-mm-qualified","2000-04-09T09:00:00","2000-04-09","0.0","Incomplete","Good",""
"http://environment.data.gov.uk/hydrology/id/measures/c0d52925-b2bd-4ccd-9538-411b7871e984-rainfall-t-86400-mm-qualified","2000-04-10T09:00:00","2000-04-10","0.0","Incomplete","Good",""
"http://environment.data.gov.uk/hydrology/id/measures/c0d52925-b2bd-4ccd-9538-411b7871e984-rainfall-t-86400-mm-qualified","2000-04-11T09:00:00","2000-04-11","5.2","Incomplete","Good",""
"http://environment.data.gov.uk/hydrology/id/measures/c0d52925-b2bd-4ccd-9538-411b7871e984-rainfall-t-86400-mm-qualified","2000-04-12T09:00:00","2000-04-12","1.0","Incomplete","Good",""
"http://environment.data.gov.uk/hydrology/id/measures/c0d52925-b2bd-4ccd-9538-411b7871e984-rainfall-t-86400-mm-qualified","2000-04-13T09:00:00","2000-04-13","1.2","Incomplete","Good",""
"http://environment.data.gov.uk/hydrology/id/measures/c0d52925-b2bd-4ccd-9538-411b7871e984-rainfall-t-86400-mm-qualified","2000-04-14T09:00:00","2000-04-14","4.6","Incomplete","Good",""
"http://environment.data.gov.uk/hydrology/id/measures/c0d52925-b2bd-4ccd-9538-411b7871e984-rainfall-t-86400-mm-qualified","2000-04-15T09:00:00","2000-04-15","8.2","Incomplete","Good",""
"http://environment.data.gov.uk/hydrology/id/measures/c0d52925-b2bd-4ccd-9538-411b7871e984-rainfall-t-86400-mm-qualified","2000-04-16T09:00:00","2000-04-16","2.6","Incomplete","Good",""
"http://environment.data.gov.uk/hydrology/id/measures/c0d52925-b2bd-4ccd-9538-411b7871e984-rainfall-t-86400-mm-qualified","2000-04-17T09:00:00","2000-04-17","1.0","Incomplete","Good",""
"http://environment.data.gov.uk/hydrology/id/measures/c0d52925-b2bd-4ccd-9538-411b7871e984-rainfall-t-86400-mm-qualified","2000-04-18T09:00:00","2000-04-18","3.2","Incomplete","Good",""
"http://environment.data.gov.uk/hydrology/id/measures/c0d52925-b2bd-4ccd-9538-411b7871e984-rainfall-t-86400-mm-qualified","2000-04-19T09:00:00","2000-04-19","0.2","Incomplete","Good",""
"http://environment.data.gov.uk/hydrology/id/measures/c0d52925-b2bd-4ccd-9538-411b7871e984-rainfall-t-86400-mm-qualified","2000-04-20T09:00:00","2000-04-20","2.4","Incomplete","Good",""
"http://environment.data.gov.uk/hydrology/id/measures/c0d52925-b2bd-4ccd-9538-411b7871e984-rainfall-t-86400-mm-qualified","2000-04-21T09:00:00","2000-04-21","3.8","Incomplete","Good",""
"http://environment.data.gov.uk/hydrology/id/measures/c0d52925-b2bd-4ccd-9538-411b7871e984-rainfall-t-86400-mm-qualified","2000-04-22T09:00:00","2000-04-22","0.0","Incomplete","Good",""
"http://environment.data.gov.uk/hydrology/id/measures/c0d52925-b2bd-4ccd-9538-411b7871e984-rainfall-t-86400-mm-qualified","2000-04-23T09:00:00","2000-04-23","0.0","Incomplete","Good",""
"http://environment.data.gov.uk/hydrology/id/measures/c0d52925-b2bd-4ccd-9538-411b7871e984-rainfall-t-86400-mm-qualified","2000-04-24T09:00:00","2000-04-24","3.8","Incomplete","Good",""
"http://environment.data.gov.uk/hydrology/id/measures/c0d52925-b2bd-4ccd-9538-411b7871e984-rainfall-t-86400-mm-qualified","2000-04-25T09:00:00","2000-04-25","21.4","Incomplete","Good",""
"http://environment.data.gov.uk/hydrology/id/measures/c0d52925-b2bd-4ccd-9538-411b7871e984-rainfall-t-86400-mm-qualified","2000-04-26T09:00:00","2000-04-26","0.2","Incomplete","Good",""
"http://environment.data.gov.uk/hydrology/id/measures/c0d52925-b2bd-4ccd-9538-411b7871e984-rainfall-t-86400-mm-qualified","2000-04-27T09:00:00","2000-04-27","0.8","Incomplete","Good",""
"http://environment.data.gov.uk/hydrology/id/measures/c0d52925-b2bd-4ccd-9538-411b7871e984-rainfall-t-86400-mm-qualified","2000-04-28T09:00:00","2000-04-28","1.6","Incomplete","Good",""
"http://environment.data.gov.uk/hydrology/id/measures/c0d52925-b2bd-4ccd-9538-411b7871e984-rainfall-t-86400-mm-qualified","2000-04-29T09:00:00","2000-04-29","0.0","Incomplete","Good",""
"http://environment.data.gov.uk/hydrology/id/measures/c0d52925-b2bd-4ccd-9538-411b7871e984-rainfall-t-86400-mm-qualified","2000-04-30T09:00:00","2000-04-30","1.4","Incomplete","Good",""
"http://environment.data.gov.uk/hydrology/id/measures/c0d52925-b2bd-4ccd-9538-411b7871e984-rainfall-t-86400-mm-qualified","2000-05-01T09:00:00","2000-05-01","0.0","Incomplete","Good",""
"http://environment.data.gov.uk/hydrology/id/measures/c0d52925-b2bd-4ccd-9538-411b7871e984-rainfall-t-86400-mm-qualified","2000-05-02T09:00:00","2000-05-02","0.6","Incomplete","Good",""
"http://environment.data.gov.uk/hydrology/id/measures/c0d52925-b2bd-4ccd-9538-411b7871e984-rainfall-t-86400-mm-qualified","2000-05-03T09:00:00","2000-05-03","0.0","Incomplete","Good",""
"http://environment.data.gov.uk/hydrology/id/measures/c0d52925-b2bd-4ccd-9538-411b7871e984-rainfall-t-86400-mm-qualified","2000-05-04T09:00:00","2000-05-04","0.0","Incomplete","Good",""
"http://environment.data.gov.uk/hydrology/id/measures/c0d52925-b2bd-4ccd-9538-411b7871e984-rainfall-t-86400-mm-qualified","2000-05-05T09:00:00","2000-05-05","0.0","Incomplete","Good",""
"http://environment.data.gov.uk/hydrology/id/measures/c0d52925-b2bd-4ccd-9538-411b7871e984-rainfall-t-86400-mm-qualified","2000-05-06T09:00:00","2000-05-06","0.0","Incomplete","Good",""
"http://environment.data.gov.uk/hydrology/id/measures/c0d52925-b2bd-4ccd-9538-411b7871e984-rainfall-t-86400-mm-qualified","2000-05-07T09:00:00","2000-05-07","0.0","Incomplete","Good",""
"http://environment.data.gov.uk/hydrology/id/measures/c0d52925-b2bd-4ccd-9538-411b7871e984-rainfall-t-86400-mm-qualified","2000-05-08T09:00:00","2000-05-08","0.4","Incomplete","Good",""
"http://environment.data.gov.uk/hydrology/id/measures/c0d52925-b2bd-4ccd-9538-411b7871e984-rainfall-t-86400-mm-qualified","2000-05-09T09:00:00","2000-05-09","0.0","Incomplete","Good",""
"http://environment.data.gov.uk/hydrology/id/measures/c0d52925-b2bd-4ccd-9538-411b7871e984-rainfall-t-86400-mm-qualified","2000-05-10T09:00:00","2000-05-10","0.4","Incomplete","Good",""
"http://environment.data.gov.uk/hydrology/id/measures/c0d52925-b2bd-4ccd-9538-411b7871e984-rainfall-t-86400-mm-qualified","2000-05-11T09:00:00","2000-05-11","0.4","Incomplete","Good",""
"http://environment.data.gov.uk/hydrology/id/measures/c0d52925-b2bd-4ccd-9538-411b7871e984-rainfall-t-86400-mm-qualified","2000-05-12T09:00:00","2000-05-12","1.2","Incomplete","Good",""
"http://environment.data.gov.uk/hydrology/id/measures/c0d52925-b2bd-4ccd-9538-411b7871e984-rainfall-t-86400-mm-qualified","2000-05-13T09:00:00","2000-05-13","0.0","Incomplete","Good",""
"http://environment.data.gov.uk/hydrology/id/measures/c0d52925-b2bd-4ccd-9538-411b7871e984-rainfall-t-86400-mm-qualified","2000-05-14T09:00:00","2000-05-14","0.0","Incomplete","Good",""
"http://environment.data.gov.uk/hydrology/id/measures/c0d52925-b2bd-4ccd-9538-411b7871e984-rainfall-t-86400-mm-qualified","2000-05-15T09:00:00","2000-05-15","0.0","Incomplete","Good",""
"http://environment.data.gov.uk/hydrology/id/measures/c0d52925-b2bd-4ccd-9538-411b7871e984-rainfall-t-86400-mm-qualified","2000-05-16T09:00:00","2000-05-16","0.0","Incomplete","Good",""
"http://environment.data.gov.uk/hydrology/id/measures/c0d52925-b2bd-4ccd-9538-411b7871e984-rainfall-t-86400-mm-qualified","2000-05-17T09:00:00","2000-05-17","1.4","Incomplete","Good",""
"http://environment.data.gov.uk/hydrology/id/measures/c0d52925-b2bd-4ccd-9538-411b7871e984-rainfall-t-86400-mm-qualified","2000-05-18T09:00:00","2000-05-18","10.6","Incomplete","Good",""
"http://environment.data.gov.uk/hydrology/id/measures/c0d52925-b2bd-4ccd-9538-411b7871e984-rainfall-t-86400-mm-qualified","2000-05-19T09:00:00","2000-05-19","7.4","Incomplete","Good",""
"http://environment.data.gov.uk/hydrology/id/measures/c0d52925-b2bd-4ccd-9538-411b7871e984-rainfall-t-86400-mm-qualified","2000-05-20T09:00:00","2000-05-20","7.4","Incomplete","Good",""
"http://environment.data.gov.uk/hydrology/id/measures/c0d52925-b2bd-4ccd-9538-411b7871e984-rainfall-t-86400-mm-qualified","2000-05-21T09:00:00","2000-05-21","3.0","Incomplete","Good",""
"http://environment.data.gov.uk/hydrology/id/measures/c0d52925-b2bd-4ccd-9538-411b7871e984-rainfall-t-86400-mm-qualified","2000-05-22T09:00:00","2000-05-22","0.4","Incomplete","Good",""
"http://environment.data.gov.uk/hydrology/id/measures/c0d52925-b2bd-4ccd-9538-411b7871e984-rainfall-t-86400-mm-qualified","2000-05-23T09:00:00","2000-05-23","4.0","Incomplete","Good",""
"http://environment.data.gov.uk/hydrology/id/measures/c0d52925-b2bd-4ccd-9538-411b7871e984-rainfall-t-86400-mm-qualified","2000-05-24T09:00:00","2000-05-24","6.4","Incomplete","Good",""
"http://environment.data.gov.uk/hydrology/id/measures/c0d52925-b2bd-4ccd-9538-411b7871e984-rainfall-t-86400-mm-qualified","2000-05-25T09:00:00","2000-05-25","0.2","Incomplete","Good",""
"http://environment.data.gov.uk/hydrology/id/measures/c0d52925-b2bd-4ccd-9538-411b7871e984-rainfall-t-86400-mm-qualified","2000-05-26T09:00:00","2000-05-26","15.4","Incomplete","Good",""
"http://environment.data.gov.uk/hydrology/id/measures/c0d52925-b2bd-4ccd-9538-411b7871e984-rainfall-t-86400-mm-qualified","2000-05-27T09:00:00","2000-05-27","24.0","Incomplete","Good",""
"http://environment.data.gov.uk/hydrology/id/measures/c0d52925-b2bd-4ccd-9538-411b7871e984-rainfall-t-86400-mm-qualified","2000-05-28T09:00:00","2000-05-28","7.0","Incomplete","Good",""
"http://environment.data.gov.uk/hydrology/id/measures/c0d52925-b2bd-4ccd-9538-411b7871e984-rainfall-t-86400-mm-qualified","2000-05-29T09:00:00","2000-05-29","0.2","Incomplete","Good",""
"http://environment.data.gov.uk/hydrology/id/measures/c0d52925-b2bd-4ccd-9538-411b7871e984-rainfall-t-86400-mm-qualified","2000-05-30T09:00:00","2000-05-30","0.0","Incomplete","Good",""
"http://environment.data.gov.uk/hydrology/id/measures/c0d52925-b2bd-4ccd-9538-411b7871e984-rainfall-t-86400-mm-qualified","2000-05-31T09:00:00","2000-05-31","4.6","Incomplete","Good",""
"http://environment.data.gov.uk/hydrology/id/measures/c0d52925-b2bd-4ccd-9538-411b7871e984-rainfall-t-86400-mm-qualified","2000-06-01T09:00:00","2000-06-01","0.0","Incomplete","Good",""
"http://environment.data.gov.uk/hydrology/id/measures/c0d52925-b2bd-4ccd-9538-411b7871e984-rainfall-t-86400-mm-qualified","2000-06-02T09:00:00","2000-06-02","0.0","Incomplete","Good",""
"http://environment.data.gov.uk/hydrology/id/measures/c0d52925-b2bd-4ccd-9538-411b7871e984-rainfall-t-86400-mm-qualified","2000-06-03T09:00:00","2000-06-03","0.2","Incomplete","Good",""
"http://environment.data.gov.uk/hydrology/id/measures/c0d52925-b2bd-4ccd-9538-411b7871e984-rainfall-t-86400-mm-qualified","2000-06-04T09:00:00","2000-06-04","0.0","Incomplete","Good",""
"http://environment.data.gov.uk/hydrology/id/measures/c0d52925-b2bd-4ccd-9538-411b7871e984-rainfall-t-86400-mm-qualified","2000-06-05T09:00:00","2000-06-05","0.0","Incomplete","Good",""
"http://environment.data.gov.uk/hydrology/id/measures/c0d52925-b2bd-4ccd-9538-411b7871e984-rainfall-t-86400-mm-qualified","2000-06-06T09:00:00","2000-06-06","0.6","Incomplete","Good",""
"http://environment.data.gov.uk/hydrology/id/measures/c0d52925-b2bd-4ccd-9538-411b7871e984-rainfall-t-86400-mm-qualified","2000-06-07T09:00:00","2000-06-07","0.0","Incomplete","Good",""
"http://environment.data.gov.uk/hydrology/id/measures/c0d52925-b2bd-4ccd-9538-411b7871e984-rainfall-t-86400-mm-qualified","2000-06-08T09:00:00","2000-06-08","0.0","Incomplete","Good",""
"http://environment.data.gov.uk/hydrology/id/measures/c0d52925-b2bd-4ccd-9538-411b7871e984-rainfall-t-86400-mm-qualified","2000-06-09T09:00:00","2000-06-09","1.0","Incomplete","Good",""
"http://environment.data.gov.uk/hydrology/id/measures/c0d52925-b2bd-4ccd-9538-411b7871e984-rainfall-t-86400-mm-qualified","2000-06-10T09:00:00","2000-06-10","0.0","Incomplete","Good",""
"http://environment.data.gov.uk/hydrology/id/measures/c0d52925-b2bd-4ccd-9538-411b7871e984-rainfall-t-86400-mm-qualified","2000-06-11T09:00:00","2000-06-11","0.0","Incomplete","Good",""
"http://environment.data.gov.uk/hydrology/id/measures/c0d52925-b2bd-4ccd-9538-411b7871e984-rainfall-t-86400-mm-qualified","2000-06-12T09:00:00","2000-06-12","0.0","Incomplete","Good",""
"http://environment.data.gov.uk/hydrology/id/measures/c0d52925-b2bd-4ccd-9538-411b7871e984-rainfall-t-86400-mm-qualified","2000-06-13T09:00:00","2000-06-13","0.2","Incomplete","Good",""
"http://environment.data.gov.uk/hydrology/id/measures/c0d52925-b2bd-4ccd-9538-411b7871e984-rainfall-t-86400-mm-qualified","2000-06-14T09:00:00","2000-06-14","1.2","Incomplete","Good",""
"http://environment.data.gov.uk/hydrology/id/measures/c0d52925-b2bd-4ccd-9538-411b7871e984-rainfall-t-86400-mm-qualified","2000-06-15T09:00:00","2000-06-15","0.0","Incomplete","Good",""
"http://environment.data.gov.uk/hydrology/id/measures/c0d52925-b2bd-4ccd-9538-411b7871e984-rainfall-t-86400-mm-qualified","2000-06-16T09:00:00","2000-06-16","0.0","Incomplete","Good",""
"http://environment.data.gov.uk/hydrology/id/measures/c0d52925-b2bd-4ccd-9538-411b7871e984-rainfall-t-86400-mm-qualified","2000-06-17T09:00:00","2000-06-17","0.0","Incomplete","Good",""
"http://environment.data.gov.uk/hydrology/id/measures/c0d52925-b2bd-4ccd-9538-411b7871e984-rainfall-t-86400-mm-qualified","2000-06-18T09:00:00","2000-06-18","0.0","Incomplete","Good",""
"http://environment.data.gov.uk/hydrology/id/measures/c0d52925-b2bd-4ccd-9538-411b7871e984-rainfall-t-86400-mm-qualified","2000-06-19T09:00:00","2000-06-19","0.0","Incomplete","Good",""
"http://environment.data.gov.uk/hydrology/id/measures/c0d52925-b2bd-4ccd-9538-411b7871e984-rainfall-t-86400-mm-qualified","2000-06-20T09:00:00","2000-06-20","4.0","Incomplete","Good",""
"http://environment.data.gov.uk/hydrology/id/measures/c0d52925-b2bd-4ccd-9538-411b7871e984-rainfall-t-86400-mm-qualified","2000-06-21T09:00:00","2000-06-21","0.0","Incomplete","Good",""
"http://environment.data.gov.uk/hydrology/id/measures/c0d52925-b2bd-4ccd-9538-411b7871e984-rainfall-t-86400-mm-qualified","2000-06-22T09:00:00","2000-06-22","0.6","Incomplete","Good",""
"http://environment.data.gov.uk/hydrology/id/measures/c0d52925-b2bd-4ccd-9538-411b7871e984-rainfall-t-86400-mm-qualified","2000-06-23T09:00:00","2000-06-23","0.0","Incomplete","Good",""
"http://environment.data.gov.uk/hydrology/id/measures/c0d52925-b2bd-4ccd-9538-411b7871e984-rainfall-t-86400-mm-qualified","2000-06-24T09:00:00","2000-06-24","0.4","Incomplete","Good",""
"http://environment.data.gov.uk/hydrology/id/measures/c0d52925-b2bd-4ccd-9538-411b7871e984-rainfall-t-86400-mm-qualified","2000-06-25T09:00:00","2000-06-25","0.2","Incomplete","Good",""
"http://environment.data.gov.uk/hydrology/id/measures/c0d52925-b2bd-4ccd-9538-411b7871e984-rainfall-t-86400-mm-qualified","2000-06-26T09:00:00","2000-06-26","0.0","Incomplete","Good",""
"http://environment.data.gov.uk/hydrology/id/measures/c0d52925-b2bd-4ccd-9538-411b7871e984-rainfall-t-86400-mm-qualified","2000-06-27T09:00:00","2000-06-27","0.2","Incomplete","Good",""
"http://environment.data.gov.uk/hydrology/id/measures/c0d52925-b2bd-4ccd-9538-411b7871e984-rainfall-t-86400-mm-qualified","2000-06-28T09:00:00","2000-06-28","1.4","Incomplete","Good",""
"http://environment.data.gov.uk/hydrology/id/measures/c0d52925-b2bd-4ccd-9538-411b7871e984-rainfall-t-86400-mm-qualified","2000-06-29T09:00:00","2000-06-29","1.6","Incomplete","Good",""
"http://environment.data.gov.uk/hydrology/id/measures/c0d52925-b2bd-4ccd-9538-411b7871e984-rainfall-t-86400-mm-qualified","2000-06-30T09:00:00","2000-06-30","0.0","Incomplete","Good",""
"http://environment.data.gov.uk/hydrology/id/measures/c0d52925-b2bd-4ccd-9538-411b7871e984-rainfall-t-86400-mm-qualified","2000-07-01T09:00:00","2000-07-01","16.4","Incomplete","Good",""
"http://environment.data.gov.uk/hydrology/id/measures/c0d52925-b2bd-4ccd-9538-411b7871e984-rainfall-t-86400-mm-qualified","2000-07-02T09:00:00","2000-07-02","6.4","Incomplete","Good",""
"http://environment.data.gov.uk/hydrology/id/measures/c0d52925-b2bd-4ccd-9538-411b7871e984-rainfall-t-86400-mm-qualified","2000-07-03T09:00:00","2000-07-03","25.2","Incomplete","Good",""
"http://environment.data.gov.uk/hydrology/id/measures/c0d52925-b2bd-4ccd-9538-411b7871e984-rainfall-t-86400-mm-qualified","2000-07-04T09:00:00","2000-07-04","22.0","Incomplete","Suspect",""
"http://environment.data.gov.uk/hydrology/id/measures/c0d52925-b2bd-4ccd-9538-411b7871e984-rainfall-t-86400-mm-qualified","2000-07-05T09:00:00","2000-07-05","1.0","Incomplete","Suspect",""
"http://environment.data.gov.uk/hydrology/id/measures/c0d52925-b2bd-4ccd-9538-411b7871e984-rainfall-t-86400-mm-qualified","2000-07-06T09:00:00","2000-07-06","4.8","Incomplete","Good",""
"http://environment.data.gov.uk/hydrology/id/measures/c0d52925-b2bd-4ccd-9538-411b7871e984-rainfall-t-86400-mm-qualified","2000-07-07T09:00:00","2000-07-07","0.0","Incomplete","Good",""
"http://environment.data.gov.uk/hydrology/id/measures/c0d52925-b2bd-4ccd-9538-411b7871e984-rainfall-t-86400-mm-qualified","2000-07-08T09:00:00","2000-07-08","1.8","Incomplete","Good",""
"http://environment.data.gov.uk/hydrology/id/measures/c0d52925-b2bd-4ccd-9538-411b7871e984-rainfall-t-86400-mm-qualified","2000-07-09T09:00:00","2000-07-09","6.6","Incomplete","Good",""
"http://environment.data.gov.uk/hydrology/id/measures/c0d52925-b2bd-4ccd-9538-411b7871e984-rainfall-t-86400-mm-qualified","2000-07-10T09:00:00","2000-07-10","32.6","Incomplete","Good",""
"http://environment.data.gov.uk/hydrology/id/measures/c0d52925-b2bd-4ccd-9538-411b7871e984-rainfall-t-86400-mm-qualified","2000-07-11T09:00:00","2000-07-11","0.2","Incomplete","Good",""
"http://environment.data.gov.uk/hydrology/id/measures/c0d52925-b2bd-4ccd-9538-411b7871e984-rainfall-t-86400-mm-qualified","2000-07-12T09:00:00","2000-07-12","1.8","Incomplete","Good",""
"http://environment.data.gov.uk/hydrology/id/measures/c0d52925-b2bd-4ccd-9538-411b7871e984-rainfall-t-86400-mm-qualified","2000-07-13T09:00:00","2000-07-13","4.6","Incomplete","Good",""
"http://environment.data.gov.uk/hydrology/id/measures/c0d52925-b2bd-4ccd-9538-411b7871e984-rainfall-t-86400-mm-qualified","2000-07-14T09:00:00","2000-07-14","0.4","Incomplete","Good",""
"http://environment.data.gov.uk/hydrology/id/measures/c0d52925-b2bd-4ccd-9538-411b7871e984-rainfall-t-86400-mm-qualified","2000-07-15T09:00:00","2000-07-15","2.4","Incomplete","Good",""
"http://environment.data.gov.uk/hydrology/id/measures/c0d52925-b2bd-4ccd-9538-411b7871e984-rainfall-t-86400-mm-qualified","2000-07-16T09:00:00","2000-07-16","0.0","Incomplete","Good",""
"http://environment.data.gov.uk/hydrology/id/measures/c0d52925-b2bd-4ccd-9538-411b7871e984-rainfall-t-86400-mm-qualified","2000-07-17T09:00:00","2000-07-17","0.0","Incomplete","Good",""
"http://environment.data.gov.uk/hydrology/id/measures/c0d52925-b2bd-4ccd-9538-411b7871e984-rainfall-t-86400-mm-qualified","2000-07-18T09:00:00","2000-07-18","0.0","Incomplete","Good",""
"http://environment.data.gov.uk/hydrology/id/measures/c0d52925-b2bd-4ccd-9538-411b7871e984-rainfall-t-86400-mm-qualified","2000-07-19T09:00:00","2000-07-19","0.0","Incomplete","Good",""
"http://environment.data.gov.uk/hydrology/id/measures/c0d52925-b2bd-4ccd-9538-411b7871e984-rainfall-t-86400-mm-qualified","2000-07-20T09:00:00","2000-07-20","0.0","Incomplete","Good",""
"http://environment.data.gov.uk/hydrology/id/measures/c0d52925-b2bd-4ccd-9538-411b7871e984-rainfall-t-86400-mm-qualified","2000-07-21T09:00:00","2000-07-21","0.0","Incomplete","Good",""
"http://environment.data.gov.uk/hydrology/id/measures/c0d52925-b2bd-4ccd-9538-411b7871e984-rainfall-t-86400-mm-qualified","2000-07-22T09:00:00","2000-07-22","0.2","Incomplete","Good",""
"http://environment.data.gov.uk/hydrology/id/measures/c0d52925-b2bd-4ccd-9538-411b7871e984-rainfall-t-86400-mm-qualified","2000-07-23T09:00:00","2000-07-23","0.4","Incomplete","Good",""
"http://environment.data.gov.uk/hydrology/id/measures/c0d52925-b2bd-4ccd-9538-411b7871e984-rainfall-t-86400-mm-qualified","2000-07-24T09:00:00","2000-07-24","0.2","Incomplete","Good",""
"http://environment.data.gov.uk/hydrology/id/measures/c0d52925-b2bd-4ccd-9538-411b7871e984-rainfall-t-86400-mm-qualified","2000-07-25T09:00:00","2000-07-25","0.0","Incomplete","Good",""
"http://environment.data.gov.uk/hydrology/id/measures/c0d52925-b2bd-4ccd-9538-411b7871e984-rainfall-t-86400-mm-qualified","2000-07-26T09:00:00","2000-07-26","0.0","Incomplete","Good",""
"http://environment.data.gov.uk/hydrology/id/measures/c0d52925-b2bd-4ccd-9538-411b7871e984-rainfall-t-86400-mm-qualified","2000-07-27T09:00:00","2000-07-27","4.6","Incomplete","Good",""
"http://environment.data.gov.uk/hydrology/id/measures/c0d52925-b2bd-4ccd-9538-411b7871e984-rainfall-t-86400-mm-qualified","2000-07-28T09:00:00","2000-07-28","0.4","Incomplete","Good",""
"http://environment.data.gov.uk/hydrology/id/measures/c0d52925-b2bd-4ccd-9538-411b7871e984-rainfall-t-86400-mm-qualified","2000-07-29T09:00:00","2000-07-29","0.4","Incomplete","Good",""
"http://environment.data.gov.uk/hydrology/id/measures/c0d52925-b2bd-4ccd-9538-411b7871e984-rainfall-t-86400-mm-qualified","2000-07-30T09:00:00","2000-07-30","0.0","Incomplete","Good",""
"http://environment.data.gov.uk/hydrology/id/measures/c0d52925-b2bd-4ccd-9538-411b7871e984-rainfall-t-86400-mm-qualified","2000-07-31T09:00:00","2000-07-31","0.0","Incomplete","Good",""
"http://environment.data.gov.uk/hydrology/id/measures/c0d52925-b2bd-4ccd-9538-411b7871e984-rainfall-t-86400-mm-qualified","2000-08-01T09:00:00","2000-08-01","0.0","Incomplete","Good",""
"http://environment.data.gov.uk/hydrology/id/measures/c0d52925-b2bd-4ccd-9538-411b7871e984-rainfall-t-86400-mm-qualified","2000-08-02T09:00:00","2000-08-02","2.2","Incomplete","Good",""
"http://environment.data.gov.uk/hydrology/id/measures/c0d52925-b2bd-4ccd-9538-411b7871e984-rainfall-t-86400-mm-qualified","2000-08-03T09:00:00","2000-08-03","8.2","Incomplete","Good",""
"http://environment.data.gov.uk/hydrology/id/measures/c0d52925-b2bd-4ccd-9538-411b7871e984-rainfall-t-86400-mm-qualified","2000-08-04T09:00:00","2000-08-04","0.0","Incomplete","Good",""
"http://environment.data.gov.uk/hydrology/id/measures/c0d52925-b2bd-4ccd-9538-411b7871e984-rainfall-t-86400-mm-qualified","2000-08-05T09:00:00","2000-08-05","0.0","Incomplete","Good",""
"http://environment.data.gov.uk/hydrology/id/measures/c0d52925-b2bd-4ccd-9538-411b7871e984-rainfall-t-86400-mm-qualified","2000-08-06T09:00:00","2000-08-06","0.0","Incomplete","Good",""
"http://environment.data.gov.uk/hydrology/id/measures/c0d52925-b2bd-4ccd-9538-411b7871e984-rainfall-t-86400-mm-qualified","2000-08-07T09:00:00","2000-08-07","0.0","Incomplete","Good",""
"http://environment.data.gov.uk/hydrology/id/measures/c0d52925-b2bd-4ccd-9538-411b7871e984-rainfall-t-86400-mm-qualified","2000-08-08T09:00:00","2000-08-08","0.0","Incomplete","Good",""
"http://environment.data.gov.uk/hydrology/id/measures/c0d52925-b2bd-4ccd-9538-411b7871e984-rainfall-t-86400-mm-qualified","2000-08-09T09:00:00","2000-08-09","0.0","Incomplete","Good",""
"http://environment.data.gov.uk/hydrology/id/measures/c0d52925-b2bd-4ccd-9538-411b7871e984-rainfall-t-86400-mm-qualified","2000-08-10T09:00:00","2000-08-10","0.0","Incomplete","Good",""
"http://environment.data.gov.uk/hydrology/id/measures/c0d52925-b2bd-4ccd-9538-411b7871e984-rainfall-t-86400-mm-qualified","2000-08-11T09:00:00","2000-08-11","0.0","Incomplete","Good",""
"http://environment.data.gov.uk/hydrology/id/measures/c0d52925-b2bd-4ccd-9538-411b7871e984-rainfall-t-86400-mm-qualified","2000-08-12T09:00:00","2000-08-12","0.0","Incomplete","Good",""
"http://environment.data.gov.uk/hydrology/id/measures/c0d52925-b2bd-4ccd-9538-411b7871e984-rainfall-t-86400-mm-qualified","2000-08-13T09:00:00","2000-08-13","0.0","Incomplete","Good",""
"http://environment.data.gov.uk/hydrology/id/measures/c0d52925-b2bd-4ccd-9538-411b7871e984-rainfall-t-86400-mm-qualified","2000-08-14T09:00:00","2000-08-14","0.0","Incomplete","Good",""
"http://environment.data.gov.uk/hydrology/id/measures/c0d52925-b2bd-4ccd-9538-411b7871e984-rainfall-t-86400-mm-qualified","2000-08-15T09:00:00","2000-08-15","0.0","Incomplete","Good",""
"http://environment.data.gov.uk/hydrology/id/measures/c0d52925-b2bd-4ccd-9538-411b7871e984-rainfall-t-86400-mm-qualified","2000-08-16T09:00:00","2000-08-16","0.2","Incomplete","Good",""
"http://environment.data.gov.uk/hydrology/id/measures/c0d52925-b2bd-4ccd-9538-411b7871e984-rainfall-t-86400-mm-qualified","2000-08-17T09:00:00","2000-08-17","0.0","Incomplete","Good",""
"http://environment.data.gov.uk/hydrology/id/measures/c0d52925-b2bd-4ccd-9538-411b7871e984-rainfall-t-86400-mm-qualified","2000-08-18T09:00:00","2000-08-18","3.2","Incomplete","Good",""
"http://environment.data.gov.uk/hydrology/id/measures/c0d52925-b2bd-4ccd-9538-411b7871e984-rainfall-t-86400-mm-qualified","2000-08-19T09:00:00","2000-08-19","0.0","Incomplete","Good",""
"http://environment.data.gov.uk/hydrology/id/measures/c0d52925-b2bd-4ccd-9538-411b7871e984-rainfall-t-86400-mm-qualified","2000-08-20T09:00:00","2000-08-20","13.4","Incomplete","Good",""
"http://environment.data.gov.uk/hydrology/id/measures/c0d52925-b2bd-4ccd-9538-411b7871e984-rainfall-t-86400-mm-qualified","2000-08-21T09:00:00","2000-08-21","0.6","Incomplete","Good",""
"http://environment.data.gov.uk/hydrology/id/measures/c0d52925-b2bd-4ccd-9538-411b7871e984-rainfall-t-86400-mm-qualified","2000-08-22T09:00:00","2000-08-22","0.0","Incomplete","Good",""
"http://environment.data.gov.uk/hydrology/id/measures/c0d52925-b2bd-4ccd-9538-411b7871e984-rainfall-t-86400-mm-qualified","2000-08-23T09:00:00","2000-08-23","0.0","Incomplete","Good",""
"http://environment.data.gov.uk/hydrology/id/measures/c0d52925-b2bd-4ccd-9538-411b7871e984-rainfall-t-86400-mm-qualified","2000-08-24T09:00:00","2000-08-24","0.0","Incomplete","Good",""
"http://environment.data.gov.uk/hydrology/id/measures/c0d52925-b2bd-4ccd-9538-411b7871e984-rainfall-t-86400-mm-qualified","2000-08-25T09:00:00","2000-08-25","0.0","Incomplete","Good",""
"http://environment.data.gov.uk/hydrology/id/measures/c0d52925-b2bd-4ccd-9538-411b7871e984-rainfall-t-86400-mm-qualified","2000-08-26T09:00:00","2000-08-26","0.0","Incomplete","Good",""
"http://environment.data.gov.uk/hydrology/id/measures/c0d52925-b2bd-4ccd-9538-411b7871e984-rainfall-t-86400-mm-qualified","2000-08-27T09:00:00","2000-08-27","0.8","Incomplete","Good",""
"http://environment.data.gov.uk/hydrology/id/measures/c0d52925-b2bd-4ccd-9538-411b7871e984-rainfall-t-86400-mm-qualified","2000-08-28T09:00:00","2000-08-28","2.0","Incomplete","Good",""
"http://environment.data.gov.uk/hydrology/id/measures/c0d52925-b2bd-4ccd-9538-411b7871e984-rainfall-t-86400-mm-qualified","2000-08-29T09:00:00","2000-08-29","0.0","Incomplete","Good",""
"http://environment.data.gov.uk/hydrology/id/measures/c0d52925-b2bd-4ccd-9538-411b7871e984-rainfall-t-86400-mm-qualified","2000-08-30T09:00:00","2000-08-30","0.0","Incomplete","Good",""
"http://environment.data.gov.uk/hydrology/id/measures/c0d52925-b2bd-4ccd-9538-411b7871e984-rainfall-t-86400-mm-qualified","2000-08-31T09:00:00","2000-08-31","5.2","Incomplete","Good",""
"http://environment.data.gov.uk/hydrology/id/measures/c0d52925-b2bd-4ccd-9538-411b7871e984-rainfall-t-86400-mm-qualified","2000-09-01T09:00:00","2000-09-01","0.0","Incomplete","Good",""
"http://environment.data.gov.uk/hydrology/id/measures/c0d52925-b2bd-4ccd-9538-411b7871e984-rainfall-t-86400-mm-qualified","2000-09-02T09:00:00","2000-09-02","6.0","Incomplete","Good",""
"http://environment.data.gov.uk/hydrology/id/measures/c0d52925-b2bd-4ccd-9538-411b7871e984-rainfall-t-86400-mm-qualified","2000-09-03T09:00:00","2000-09-03","0.0","Incomplete","Good",""
"http://environment.data.gov.uk/hydrology/id/measures/c0d52925-b2bd-4ccd-9538-411b7871e984-rainfall-t-86400-mm-qualified","2000-09-04T09:00:00","2000-09-04","0.0","Incomplete","Good",""
"http://environment.data.gov.uk/hydrology/id/measures/c0d52925-b2bd-4ccd-9538-411b7871e984-rainfall-t-86400-mm-qualified","2000-09-05T09:00:00","2000-09-05","0.2","Incomplete","Good",""
"http://environment.data.gov.uk/hydrology/id/measures/c0d52925-b2bd-4ccd-9538-411b7871e984-rainfall-t-86400-mm-qualified","2000-09-06T09:00:00","2000-09-06","1.0","Incomplete","Good",""
"http://environment.data.gov.uk/hydrology/id/measures/c0d52925-b2bd-4ccd-9538-411b7871e984-rainfall-t-86400-mm-qualified","2000-09-07T09:00:00","2000-09-07","1.6","Incomplete","Good",""
"http://environment.data.gov.uk/hydrology/id/measures/c0d52925-b2bd-4ccd-9538-411b7871e984-rainfall-t-86400-mm-qualified","2000-09-08T09:00:00","2000-09-08","2.4","Incomplete","Good",""
"http://environment.data.gov.uk/hydrology/id/measures/c0d52925-b2bd-4ccd-9538-411b7871e984-rainfall-t-86400-mm-qualified","2000-09-09T09:00:00","2000-09-09","0.0","Incomplete","Good",""
"http://environment.data.gov.uk/hydrology/id/measures/c0d52925-b2bd-4ccd-9538-411b7871e984-rainfall-t-86400-mm-qualified","2000-09-10T09:00:00","2000-09-10","0.0","Incomplete","Good",""
"http://environment.data.gov.uk/hydrology/id/measures/c0d52925-b2bd-4ccd-9538-411b7871e984-rainfall-t-86400-mm-qualified","2000-09-11T09:00:00","2000-09-11","0.0","Incomplete","Good",""
"http://environment.data.gov.uk/hydrology/id/measures/c0d52925-b2bd-4ccd-9538-411b7871e984-rainfall-t-86400-mm-qualified","2000-09-12T09:00:00","2000-09-12","0.0","Incomplete","Good",""
"http://environment.data.gov.uk/hydrology/id/measures/c0d52925-b2bd-4ccd-9538-411b7871e984-rainfall-t-86400-mm-qualified","2000-09-13T09:00:00","2000-09-13","0.0","Incomplete","Good",""
"http://environment.data.gov.uk/hydrology/id/measures/c0d52925-b2bd-4ccd-9538-411b7871e984-rainfall-t-86400-mm-qualified","2000-09-14T09:00:00","2000-09-14","1.0","Incomplete","Good",""
"http://environment.data.gov.uk/hydrology/id/measures/c0d52925-b2bd-4ccd-9538-411b7871e984-rainfall-t-86400-mm-qualified","2000-09-15T09:00:00","2000-09-15","34.4","Incomplete","Good",""
"http://environment.data.gov.uk/hydrology/id/measures/c0d52925-b2bd-4ccd-9538-411b7871e984-rainfall-t-86400-mm-qualified","2000-09-16T09:00:00","2000-09-16","1.6","Incomplete","Good",""
"http://environment.data.gov.uk/hydrology/id/measures/c0d52925-b2bd-4ccd-9538-411b7871e984-rainfall-t-86400-mm-qualified","2000-09-17T09:00:00","2000-09-17","0.0","Incomplete","Good",""
"http://environment.data.gov.uk/hydrology/id/measures/c0d52925-b2bd-4ccd-9538-411b7871e984-rainfall-t-86400-mm-qualified","2000-09-18T09:00:00","2000-09-18","11.0","Incomplete","Good",""
"http://environment.data.gov.uk/hydrology/id/measures/c0d52925-b2bd-4ccd-9538-411b7871e984-rainfall-t-86400-mm-qualified","2000-09-19T09:00:00","2000-09-19","8.8","Incomplete","Good",""
"http://environment.data.gov.uk/hydrology/id/measures/c0d52925-b2bd-4ccd-9538-411b7871e984-rainfall-t-86400-mm-qualified","2000-09-20T09:00:00","2000-09-20","0.0","Incomplete","Good",""
"http://environment.data.gov.uk/hydrology/id/measures/c0d52925-b2bd-4ccd-9538-411b7871e984-rainfall-t-86400-mm-qualified","2000-09-21T09:00:00","2000-09-21","0.2","Incomplete","Good",""
"http://environment.data.gov.uk/hydrology/id/measures/c0d52925-b2bd-4ccd-9538-411b7871e984-rainfall-t-86400-mm-qualified","2000-09-22T09:00:00","2000-09-22","0.0","Incomplete","Good",""
"http://environment.data.gov.uk/hydrology/id/measures/c0d52925-b2bd-4ccd-9538-411b7871e984-rainfall-t-86400-mm-qualified","2000-09-23T09:00:00","2000-09-23","0.0","Incomplete","Good",""
"http://environment.data.gov.uk/hydrology/id/measures/c0d52925-b2bd-4ccd-9538-411b7871e984-rainfall-t-86400-mm-qualified","2000-09-24T09:00:00","2000-09-24","0.8","Incomplete","Good",""
"http://environment.data.gov.uk/hydrology/id/measures/c0d52925-b2bd-4ccd-9538-411b7871e984-rainfall-t-86400-mm-qualified","2000-09-25T09:00:00","2000-09-25","18.2","Incomplete","Good",""
"http://environment.data.gov.uk/hydrology/id/measures/c0d52925-b2bd-4ccd-9538-411b7871e984-rainfall-t-86400-mm-qualified","2000-09-26T09:00:00","2000-09-26","0.0","Incomplete","Good",""
"http://environment.data.gov.uk/hydrology/id/measures/c0d52925-b2bd-4ccd-9538-411b7871e984-rainfall-t-86400-mm-qualified","2000-09-27T09:00:00","2000-09-27","3.8","Incomplete","Good",""
"http://environment.data.gov.uk/hydrology/id/measures/c0d52925-b2bd-4ccd-9538-411b7871e984-rainfall-t-86400-mm-qualified","2000-09-28T09:00:00","2000-09-28","4.4","Incomplete","Good",""
"http://environment.data.gov.uk/hydrology/id/measures/c0d52925-b2bd-4ccd-9538-411b7871e984-rainfall-t-86400-mm-qualified","2000-09-29T09:00:00","2000-09-29","0.0","Incomplete","Good",""
"http://environment.data.gov.uk/hydrology/id/measures/c0d52925-b2bd-4ccd-9538-411b7871e984-rainfall-t-86400-mm-qualified","2000-09-30T09:00:00","2000-09-30","0.0","Incomplete","Good",""
"http://environment.data.gov.uk/hydrology/id/measures/c0d52925-b2bd-4ccd-9538-411b7871e984-rainfall-t-86400-mm-qualified","2000-10-01T09:00:00","2000-10-01","0.0","Incomplete","Good",""
"http://environment.data.gov.uk/hydrology/id/measures/c0d52925-b2bd-4ccd-9538-411b7871e984-rainfall-t-86400-mm-qualified","2000-10-02T09:00:00","2000-10-02","0.6","Incomplete","Good",""
"http://environment.data.gov.uk/hydrology/id/measures/c0d52925-b2bd-4ccd-9538-411b7871e984-rainfall-t-86400-mm-qualified","2000-10-03T09:00:00","2000-10-03","0.0","Incomplete","Good",""
"http://environment.data.gov.uk/hydrology/id/measures/c0d52925-b2bd-4ccd-9538-411b7871e984-rainfall-t-86400-mm-qualified","2000-10-04T09:00:00","2000-10-04","0.0","Incomplete","Good",""
"http://environment.data.gov.uk/hydrology/id/measures/c0d52925-b2bd-4ccd-9538-411b7871e984-rainfall-t-86400-mm-qualified","2000-10-05T09:00:00","2000-10-05","2.2","Incomplete","Good",""
"http://environment.data.gov.uk/hydrology/id/measures/c0d52925-b2bd-4ccd-9538-411b7871e984-rainfall-t-86400-mm-qualified","2000-10-06T09:00:00","2000-10-06","0.2","Incomplete","Good",""
"http://environment.data.gov.uk/hydrology/id/measures/c0d52925-b2bd-4ccd-9538-411b7871e984-rainfall-t-86400-mm-qualified","2000-10-07T09:00:00","2000-10-07","5.2","Incomplete","Good",""
"http://environment.data.gov.uk/hydrology/id/measures/c0d52925-b2bd-4ccd-9538-411b7871e984-rainfall-t-86400-mm-qualified","2000-10-08T09:00:00","2000-10-08","0.0","Incomplete","Good",""
"http://environment.data.gov.uk/hydrology/id/measures/c0d52925-b2bd-4ccd-9538-411b7871e984-rainfall-t-86400-mm-qualified","2000-10-09T09:00:00","2000-10-09","21.8","Incomplete","Good",""
"http://environment.data.gov.uk/hydrology/id/measures/c0d52925-b2bd-4ccd-9538-411b7871e984-rainfall-t-86400-mm-qualified","2000-10-10T09:00:00","2000-10-10","9.4","Incomplete","Good",""
"http://environment.data.gov.uk/hydrology/id/measures/c0d52925-b2bd-4ccd-9538-411b7871e984-rainfall-t-86400-mm-qualified","2000-10-11T09:00:00","2000-10-11","0.4","Incomplete","Good",""
"http://environment.data.gov.uk/hydrology/id/measures/c0d52925-b2bd-4ccd-9538-411b7871e984-rainfall-t-86400-mm-qualified","2000-10-12T09:00:00","2000-10-12","0.8","Incomplete","Good",""
"http://environment.data.gov.uk/hydrology/id/measures/c0d52925-b2bd-4ccd-9538-411b7871e984-rainfall-t-86400-mm-qualified","2000-10-13T09:00:00","2000-10-13","0.0","Incomplete","Good",""
"http://environment.data.gov.uk/hydrology/id/measures/c0d52925-b2bd-4ccd-9538-411b7871e984-rainfall-t-86400-mm-qualified","2000-10-14T09:00:00","2000-10-14","0.2","Incomplete","Good",""
"http://environment.data.gov.uk/hydrology/id/measures/c0d52925-b2bd-4ccd-9538-411b7871e984-rainfall-t-86400-mm-qualified","2000-10-15T09:00:00","2000-10-15","0.2","Incomplete","Good",""
"http://environment.data.gov.uk/hydrology/id/measures/c0d52925-b2bd-4ccd-9538-411b7871e984-rainfall-t-86400-mm-qualified","2000-10-16T09:00:00","2000-10-16","6.4","Incomplete","Good",""
"http://environment.data.gov.uk/hydrology/id/measures/c0d52925-b2bd-4ccd-9538-411b7871e984-rainfall-t-86400-mm-qualified","2000-10-17T09:00:00","2000-10-17","4.2","Incomplete","Good",""
"http://environment.data.gov.uk/hydrology/id/measures/c0d52925-b2bd-4ccd-9538-411b7871e984-rainfall-t-86400-mm-qualified","2000-10-18T09:00:00","2000-10-18","1.0","Incomplete","Good",""
"http://environment.data.gov.uk/hydrology/id/measures/c0d52925-b2bd-4ccd-9538-411b7871e984-rainfall-t-86400-mm-qualified","2000-10-19T09:00:00","2000-10-19","0.0","Incomplete","Good",""
"http://environment.data.gov.uk/hydrology/id/measures/c0d52925-b2bd-4ccd-9538-411b7871e984-rainfall-t-86400-mm-qualified","2000-10-20T09:00:00","2000-10-20","17.8","Incomplete","Good",""
"http://environment.data.gov.uk/hydrology/id/measures/c0d52925-b2bd-4ccd-9538-411b7871e984-rainfall-t-86400-mm-qualified","2000-10-21T09:00:00","2000-10-21","1.0","Incomplete","Good",""
"http://environment.data.gov.uk/hydrology/id/measures/c0d52925-b2bd-4ccd-9538-411b7871e984-rainfall-t-86400-mm-qualified","2000-10-22T09:00:00","2000-10-22","0.0","Incomplete","Good",""
"http://environment.data.gov.uk/hydrology/id/measures/c0d52925-b2bd-4ccd-9538-411b7871e984-rainfall-t-86400-mm-qualified","2000-10-23T09:00:00","2000-10-23","0.4","Incomplete","Good",""
"http://environment.data.gov.uk/hydrology/id/measures/c0d52925-b2bd-4ccd-9538-411b7871e984-rainfall-t-86400-mm-qualified","2000-10-24T09:00:00","2000-10-24","0.2","Incomplete","Good",""
"http://environment.data.gov.uk/hydrology/id/measures/c0d52925-b2bd-4ccd-9538-411b7871e984-rainfall-t-86400-mm-qualified","2000-10-25T09:00:00","2000-10-25","0.0","Incomplete","Good",""
"http://environment.data.gov.uk/hydrology/id/measures/c0d52925-b2bd-4ccd-9538-411b7871e984-rainfall-t-86400-mm-qualified","2000-10-26T09:00:00","2000-10-26","6.6","Incomplete","Good",""
"http://environment.data.gov.uk/hydrology/id/measures/c0d52925-b2bd-4ccd-9538-411b7871e984-rainfall-t-86400-mm-qualified","2000-10-27T09:00:00","2000-10-27","8.0","Incomplete","Good",""
"http://environment.data.gov.uk/hydrology/id/measures/c0d52925-b2bd-4ccd-9538-411b7871e984-rainfall-t-86400-mm-qualified","2000-10-28T09:00:00","2000-10-28","11.0","Incomplete","Good",""
"http://environment.data.gov.uk/hydrology/id/measures/c0d52925-b2bd-4ccd-9538-411b7871e984-rainfall-t-86400-mm-qualified","2000-10-29T09:00:00","2000-10-29","36.8","Incomplete","Good",""
"http://environment.data.gov.uk/hydrology/id/measures/c0d52925-b2bd-4ccd-9538-411b7871e984-rainfall-t-86400-mm-qualified","2000-10-30T09:00:00","2000-10-30","0.2","Incomplete","Good",""
"http://environment.data.gov.uk/hydrology/id/measures/c0d52925-b2bd-4ccd-9538-411b7871e984-rainfall-t-86400-mm-qualified","2000-10-31T09:00:00","2000-10-31","0.0","Incomplete","Good",""
"http://environment.data.gov.uk/hydrology/id/measures/c0d52925-b2bd-4ccd-9538-411b7871e984-rainfall-t-86400-mm-qualified","2000-11-01T09:00:00","2000-11-01","0.0","Incomplete","Good",""
"http://environment.data.gov.uk/hydrology/id/measures/c0d52925-b2bd-4ccd-9538-411b7871e984-rainfall-t-86400-mm-qualified","2000-11-02T09:00:00","2000-11-02","10.2","Incomplete","Good",""
"http://environment.data.gov.uk/hydrology/id/measures/c0d52925-b2bd-4ccd-9538-411b7871e984-rainfall-t-86400-mm-qualified","2000-11-03T09:00:00","2000-11-03","0.0","Incomplete","Good",""
"http://environment.data.gov.uk/hydrology/id/measures/c0d52925-b2bd-4ccd-9538-411b7871e984-rainfall-t-86400-mm-qualified","2000-11-04T09:00:00","2000-11-04","0.2","Incomplete","Good",""
"http://environment.data.gov.uk/hydrology/id/measures/c0d52925-b2bd-4ccd-9538-411b7871e984-rainfall-t-86400-mm-qualified","2000-11-05T09:00:00","2000-11-05","25.6","Incomplete","Good",""
"http://environment.data.gov.uk/hydrology/id/measures/c0d52925-b2bd-4ccd-9538-411b7871e984-rainfall-t-86400-mm-qualified","2000-11-06T09:00:00","2000-11-06","14.8","Incomplete","Good",""
"http://environment.data.gov.uk/hydrology/id/measures/c0d52925-b2bd-4ccd-9538-411b7871e984-rainfall-t-86400-mm-qualified","2000-11-07T09:00:00","2000-11-07","4.6","Incomplete","Good",""
"http://environment.data.gov.uk/hydrology/id/measures/c0d52925-b2bd-4ccd-9538-411b7871e984-rainfall-t-86400-mm-qualified","2000-11-08T09:00:00","2000-11-08","0.2","Incomplete","Good",""
"http://environment.data.gov.uk/hydrology/id/measures/c0d52925-b2bd-4ccd-9538-411b7871e984-rainfall-t-86400-mm-qualified","2000-11-09T09:00:00","2000-11-09","1.8","Incomplete","Good",""
"http://environment.data.gov.uk/hydrology/id/measures/c0d52925-b2bd-4ccd-9538-411b7871e984-rainfall-t-86400-mm-qualified","2000-11-10T09:00:00","2000-11-10","1.4","Incomplete","Good",""
"http://environment.data.gov.uk/hydrology/id/measures/c0d52925-b2bd-4ccd-9538-411b7871e984-rainfall-t-86400-mm-qualified","2000-11-11T09:00:00","2000-11-11","14.4","Incomplete","Good",""
"http://environment.data.gov.uk/hydrology/id/measures/c0d52925-b2bd-4ccd-9538-411b7871e984-rainfall-t-86400-mm-qualified","2000-11-12T09:00:00","2000-11-12","0.0","Incomplete","Good",""
"http://environment.data.gov.uk/hydrology/id/measures/c0d52925-b2bd-4ccd-9538-411b7871e984-rainfall-t-86400-mm-qualified","2000-11-13T09:00:00","2000-11-13","0.0","Incomplete","Good",""
"http://environment.data.gov.uk/hydrology/id/measures/c0d52925-b2bd-4ccd-9538-411b7871e984-rainfall-t-86400-mm-qualified","2000-11-14T09:00:00","2000-11-14","0.0","Incomplete","Good",""
"http://environment.data.gov.uk/hydrology/id/measures/c0d52925-b2bd-4ccd-9538-411b7871e984-rainfall-t-86400-mm-qualified","2000-11-15T09:00:00","2000-11-15","7.6","Incomplete","Good",""
"http://environment.data.gov.uk/hydrology/id/measures/c0d52925-b2bd-4ccd-9538-411b7871e984-rainfall-t-86400-mm-qualified","2000-11-16T09:00:00","2000-11-16","0.6","Incomplete","Good",""
"http://environment.data.gov.uk/hydrology/id/measures/c0d52925-b2bd-4ccd-9538-411b7871e984-rainfall-t-86400-mm-qualified","2000-11-17T09:00:00","2000-11-17","0.2","Incomplete","Good",""
"http://environment.data.gov.uk/hydrology/id/measures/c0d52925-b2bd-4ccd-9538-411b7871e984-rainfall-t-86400-mm-qualified","2000-11-18T09:00:00","2000-11-18","1.8","Incomplete","Good",""
"http://environment.data.gov.uk/hydrology/id/measures/c0d52925-b2bd-4ccd-9538-411b7871e984-rainfall-t-86400-mm-qualified","2000-11-19T09:00:00","2000-11-19","3.0","Incomplete","Good",""
"http://environment.data.gov.uk/hydrology/id/measures/c0d52925-b2bd-4ccd-9538-411b7871e984-rainfall-t-86400-mm-qualified","2000-11-20T09:00:00","2000-11-20","2.4","Incomplete","Good",""
"http://environment.data.gov.uk/hydrology/id/measures/c0d52925-b2bd-4ccd-9538-411b7871e984-rainfall-t-86400-mm-qualified","2000-11-21T09:00:00","2000-11-21","5.4","Incomplete","Good",""
"http://environment.data.gov.uk/hydrology/id/measures/c0d52925-b2bd-4ccd-9538-411b7871e984-rainfall-t-86400-mm-qualified","2000-11-22T09:00:00","2000-11-22","0.0","Incomplete","Good",""
"http://environment.data.gov.uk/hydrology/id/measures/c0d52925-b2bd-4ccd-9538-411b7871e984-rainfall-t-86400-mm-qualified","2000-11-23T09:00:00","2000-11-23","5.4","Incomplete","Good",""
"http://environment.data.gov.uk/hydrology/id/measures/c0d52925-b2bd-4ccd-9538-411b7871e984-rainfall-t-86400-mm-qualified","2000-11-24T09:00:00","2000-11-24","1.0","Incomplete","Good",""
"http://environment.data.gov.uk/hydrology/id/measures/c0d52925-b2bd-4ccd-9538-411b7871e984-rainfall-t-86400-mm-qualified","2000-11-25T09:00:00","2000-11-25","4.2","Incomplete","Good",""
"http://environment.data.gov.uk/hydrology/id/measures/c0d52925-b2bd-4ccd-9538-411b7871e984-rainfall-t-86400-mm-qualified","2000-11-26T09:00:00","2000-11-26","0.0","Incomplete","Good",""
"http://environment.data.gov.uk/hydrology/id/measures/c0d52925-b2bd-4ccd-9538-411b7871e984-rainfall-t-86400-mm-qualified","2000-11-27T09:00:00","2000-11-27","9.2","Incomplete","Good",""
"http://environment.data.gov.uk/hydrology/id/measures/c0d52925-b2bd-4ccd-9538-411b7871e984-rainfall-t-86400-mm-qualified","2000-11-28T09:00:00","2000-11-28","0.0","Incomplete","Good",""
"http://environment.data.gov.uk/hydrology/id/measures/c0d52925-b2bd-4ccd-9538-411b7871e984-rainfall-t-86400-mm-qualified","2000-11-29T09:00:00","2000-11-29","0.4","Incomplete","Good",""
"http://environment.data.gov.uk/hydrology/id/measures/c0d52925-b2bd-4ccd-9538-411b7871e984-rainfall-t-86400-mm-qualified","2000-11-30T09:00:00","2000-11-30","3.8","Incomplete","Good",""
"http://environment.data.gov.uk/hydrology/id/measures/c0d52925-b2bd-4ccd-9538-411b7871e984-rainfall-t-86400-mm-qualified","2000-12-01T09:00:00","2000-12-01","3.8","Incomplete","Good",""
"http://environment.data.gov.uk/hydrology/id/measures/c0d52925-b2bd-4ccd-9538-411b7871e984-rainfall-t-86400-mm-qualified","2000-12-02T09:00:00","2000-12-02","0.2","Incomplete","Good",""
"http://environment.data.gov.uk/hydrology/id/measures/c0d52925-b2bd-4ccd-9538-411b7871e984-rainfall-t-86400-mm-qualified","2000-12-03T09:00:00","2000-12-03","0.2","Incomplete","Good",""
"http://environment.data.gov.uk/hydrology/id/measures/c0d52925-b2bd-4ccd-9538-411b7871e984-rainfall-t-86400-mm-qualified","2000-12-04T09:00:00","2000-12-04","0.4","Incomplete","Good",""
"http://environment.data.gov.uk/hydrology/id/measures/c0d52925-b2bd-4ccd-9538-411b7871e984-rainfall-t-86400-mm-qualified","2000-12-05T09:00:00","2000-12-05","0.0","Incomplete","Good",""
"http://environment.data.gov.uk/hydrology/id/measures/c0d52925-b2bd-4ccd-9538-411b7871e984-rainfall-t-86400-mm-qualified","2000-12-06T09:00:00","2000-12-06","0.0","Incomplete","Good",""
"http://environment.data.gov.uk/hydrology/id/measures/c0d52925-b2bd-4ccd-9538-411b7871e984-rainfall-t-86400-mm-qualified","2000-12-07T09:00:00","2000-12-07","9.4","Incomplete","Good",""
"http://environment.data.gov.uk/hydrology/id/measures/c0d52925-b2bd-4ccd-9538-411b7871e984-rainfall-t-86400-mm-qualified","2000-12-08T09:00:00","2000-12-08","2.2","Incomplete","Good",""
"http://environment.data.gov.uk/hydrology/id/measures/c0d52925-b2bd-4ccd-9538-411b7871e984-rainfall-t-86400-mm-qualified","2000-12-09T09:00:00","2000-12-09","2.6","Incomplete","Good",""
"http://environment.data.gov.uk/hydrology/id/measures/c0d52925-b2bd-4ccd-9538-411b7871e984-rainfall-t-86400-mm-qualified","2000-12-10T09:00:00","2000-12-10","3.0","Incomplete","Good",""
"http://environment.data.gov.uk/hydrology/id/measures/c0d52925-b2bd-4ccd-9538-411b7871e984-rainfall-t-86400-mm-qualified","2000-12-11T09:00:00","2000-12-11","4.6","Incomplete","Good",""
"http://environment.data.gov.uk/hydrology/id/measures/c0d52925-b2bd-4ccd-9538-411b7871e984-rainfall-t-86400-mm-qualified","2000-12-12T09:00:00","2000-12-12","3.4","Incomplete","Good",""
"http://environment.data.gov.uk/hydrology/id/measures/c0d52925-b2bd-4ccd-9538-411b7871e984-rainfall-t-86400-mm-qualified","2000-12-13T09:00:00","2000-12-13","0.0","Incomplete","Good",""
"http://environment.data.gov.uk/hydrology/id/measures/c0d52925-b2bd-4ccd-9538-411b7871e984-rainfall-t-86400-mm-qualified","2000-12-14T09:00:00","2000-12-14","2.0","Incomplete","Good",""
"http://environment.data.gov.uk/hydrology/id/measures/c0d52925-b2bd-4ccd-9538-411b7871e984-rainfall-t-86400-mm-qualified","2000-12-15T09:00:00","2000-12-15","0.0","Incomplete","Good",""
"http://environment.data.gov.uk/hydrology/id/measures/c0d52925-b2bd-4ccd-9538-411b7871e984-rainfall-t-86400-mm-qualified","2000-12-16T09:00:00","2000-12-16","0.0","Incomplete","Good",""
"http://environment.data.gov.uk/hydrology/id/measures/c0d52925-b2bd-4ccd-9538-411b7871e984-rainfall-t-86400-mm-qualified","2000-12-17T09:00:00","2000-12-17","0.0","Incomplete","Good",""
"http://environment.data.gov.uk/hydrology/id/measures/c0d52925-b2bd-4ccd-9538-411b7871e984-rainfall-t-86400-mm-qualified","2000-12-18T09:00:00","2000-12-18","0.0","Incomplete","Good",""
"http://environment.data.gov.uk/hydrology/id/measures/c0d52925-b2bd-4ccd-9538-411b7871e984-rainfall-t-86400-mm-qualified","2000-12-19T09:00:00","2000-12-19","0.4","Incomplete","Good",""
"http://environment.data.gov.uk/hydrology/id/measures/c0d52925-b2bd-4ccd-9538-411b7871e984-rainfall-t-86400-mm-qualified","2000-12-20T09:00:00","2000-12-20","0.0","Incomplete","Good",""
"http://environment.data.gov.uk/hydrology/id/measures/c0d52925-b2bd-4ccd-9538-411b7871e984-rainfall-t-86400-mm-qualified","2000-12-21T09:00:00","2000-12-21","0.0","Incomplete","Good",""
"http://environment.data.gov.uk/hydrology/id/measures/c0d52925-b2bd-4ccd-9538-411b7871e984-rainfall-t-86400-mm-qualified","2000-12-22T09:00:00","2000-12-22","0.0","Incomplete","Good",""
"http://environment.data.gov.uk/hydrology/id/measures/c0d52925-b2bd-4ccd-9538-411b7871e984-rainfall-t-86400-mm-qualified","2000-12-23T09:00:00","2000-12-23","11.6","Incomplete","Good",""
"http://environment.data.gov.uk/hydrology/id/measures/c0d52925-b2bd-4ccd-9538-411b7871e984-rainfall-t-86400-mm-qualified","2000-12-24T09:00:00","2000-12-24","11.2","Incomplete","Good",""
"http://environment.data.gov.uk/hydrology/id/measures/c0d52925-b2bd-4ccd-9538-411b7871e984-rainfall-t-86400-mm-qualified","2000-12-25T09:00:00","2000-12-25","0.0","Incomplete","Good",""
"http://environment.data.gov.uk/hydrology/id/measures/c0d52925-b2bd-4ccd-9538-411b7871e984-rainfall-t-86400-mm-qualified","2000-12-26T09:00:00","2000-12-26","0.0","Incomplete","Good",""
"http://environment.data.gov.uk/hydrology/id/measures/c0d52925-b2bd-4ccd-9538-411b7871e984-rainfall-t-86400-mm-qualified","2000-12-27T09:00:00","2000-12-27","0.0","Incomplete","Good",""
"http://environment.data.gov.uk/hydrology/id/measures/c0d52925-b2bd-4ccd-9538-411b7871e984-rainfall-t-86400-mm-qualified","2000-12-28T09:00:00","2000-12-28","0.4","Incomplete","Good",""
"http://environment.data.gov.uk/hydrology/id/measures/c0d52925-b2bd-4ccd-9538-411b7871e984-rainfall-t-86400-mm-qualified","2000-12-29T09:00:00","2000-12-29","0.2","Incomplete","Good",""
"http://environment.data.gov.uk/hydrology/id/measures/c0d52925-b2bd-4ccd-9538-411b7871e984-rainfall-t-86400-mm-qualified","2000-12-30T09:00:00","2000-12-30","0.0","Incomplete","Good",""
"http://environment.data.gov.uk/hydrology/id/measures/c0d52925-b2bd-4ccd-9538-411b7871e984-rainfall-t-86400-mm-qualified","2000-12-31T09:00:00","2000-12-31","7.2","Incomplete","Good",""
